Gabin|Jean Gabin|N+Hum+NPropre:ms
Gaboriau|Emile Gaboriau|N+Hum+NPropre:ms
Gagarine|Youri Gagarine|N+Hum+NPropre:ms
Gaillard|Jean-Pierre Gaillard|N+Hum+NPropre:ms
Gainsbourg|Serge Gainsbourg|N+Hum+NPropre:ms
Galilée||N+Hum+NPropre:ms
Gaspard Monge||N+Hum+NPropre:ms
Gaultier|Jean-Paul Gaultier|N+Hum+NPropre:ms
Genet|Jean Genet|N+Hum+NPropre:ms
Gennes|Pierre-Gilles de Gennes|N+Hum+NPropre:ms
George Bush||N+Hum+NPropre:ms
George Harrison||N+Hum+NPropre:ms
George Sand||N+Hum+NPropre:fs
George Washington||N+Hum+NPropre:ms
Georges Charpak||N+Hum+NPropre:ms
Georges Perec||N+Hum+NPropre:ms
Georges Pompidou||N+Hum+NPropre:ms
Gibson|Mel Gibson|N+Hum+NPropre:ms
Gilbert Collard||N+Hum+NPropre:ms
Gildas|Philippe Gildas|N+Hum+NPropre:ms
Ginola|David Ginola|N+Hum+NPropre:ms
Giono|Jean Giono|N+Hum+NPropre:ms
Girard|Patricia Girard|N+Hum+NPropre:fs
Girardot|Annie Girardot|N+Hum+NPropre:fs
Giroud|Françoise Giroud|N+Hum+NPropre:fs
Giscard|Valéry Giscard d'Estaing|N+Hum+NPropre:ms
Giuseppe Verdi||N+Hum+NPropre:ms
Goldberg|Whoopy Goldberg|N+Hum+NPropre:fs
Goldman|Jean-Jacques Goldman|N+Hum+NPropre:ms
Gonzales|Felipe Gonzales|N+Hum+NPropre:ms
Gorbatchev|Mikael Gorbatchev|N+Hum+NPropre:ms
Gordon|Flash Gordon|N+Hum+NPropre:ms
Gore|Al Gore|N+Hum+NPropre:ms
Gorki|Maxime Gorki|N+Hum+NPropre:ms
Goscinny||N+Hum+NPropre:ms
Gouyou Beauchamps|Xavier Gouyou Beauchamps|N+Hum+NPropre:ms
Graf|Steffi Graf|N+Hum+NPropre:fs
Grant|Gary Grant|N+Hum+NPropre:ms
Grant|Hugh Grant|N+Hum+NPropre:ms
Gray|Felix Gray|N+Hum+NPropre:ms
Greg||N+Hum+NPropre:ms
Gross|Gaston Gross|N+Hum+NPropre:ms
Gross|Maurice Gross|N+Hum+NPropre:ms
Guigou|Elizabeth Guigou|N+Hum+NPropre:fs
Guitry|Sacha Guitry|N+Hum+NPropre:ms
Gustave Eiffel||N+Hum+NPropre:ms
Guy Hamilton||N+Hum+NPropre:ms
