dionysiennes|dionysien|N+z2:fp
dionysiens|dionysien|A+z2:mp
dionysiens|dionysien|N+z2:mp
dionysies||N:fp
dionysisme||N:ms
dionysismes|dionysisme|N:mp
diopatra||N:fs
diopatras|diopatra|N:fp
diophantien||A:ms
diophantienne|diophantien|A:fs
diophantiennes|diophantien|A:fp
diophantiens|diophantien|A:mp
diopside||N:ms
diopsides|diopside|N:mp
diopsis||N:fs:fp
dioptase||N:fs
dioptases|dioptase|N:fp
dioptre||N:ms
dioptres|dioptre|N:mp
dioptrie||N+z2:fs
dioptries|dioptrie|N+z2:fp
dioptrique||A:ms:fs
dioptrique||N:fs
dioptriques|dioptrique|A:mp:fp
dioptriques|dioptrique|N:fp
diorama||N:ms
dioramas|diorama|N:mp
dioramique||A:ms:fs
dioramiques|dioramique|A:mp:fp
diorite||N:fs
diorites|diorite|N:fp
dioscoréacée||N:fs
dioscoréacées|dioscoréacée|N:fp
diotique||A:ms:fs
diotiques|diotique|A:mp:fp
dioxanne||N:ms
dioxannes|dioxanne|N:mp
dioxime||N:fs
dioximes|dioxime|N:fp
dioxine||N+z2:fs
dioxines|dioxine|N+z2:fp
dioxinne||N:fs
dioxinnes|dioxinne|N:fp
dioxolanne||N:ms
dioxolannes|dioxolanne|N:mp
dioxopipérazine||N:fs
dioxopipérazines|dioxopipérazine|N:fp
dioxyde||N+z2:ms
dioxydes|dioxyde|N+z2:mp
dip||N:ms
dipeptidase||N:fs
dipeptidases|dipeptidase|N:fp
dipeptide||N:ms
dipeptides|dipeptide|N:mp
dipétale||A:ms:fs
dipétales|dipétale|A:mp:fp
diphasé||A:ms
diphasée|diphasé|A:fs
diphasées|diphasé|A:fp
diphasés|diphasé|A:mp
diphasique||A:ms:fs
diphasiques|diphasique|A:mp:fp
diphénilène||N:ms
diphénilènes|diphénilène|N:mp
diphénique||A:ms:fs
diphéniques|diphénique|A:mp:fp
diphénol||N+z2:ms
diphénols|diphénol|N+z2:mp
diphényl||PFX
diphénylacétique||A:ms:fs
diphénylacétiques|diphénylacétique|A:mp:fp
diphénylacétylène||N:ms
diphénylacétylènes|diphénylacétylène|N:mp
diphénylamine||N:fs
diphénylamines|diphénylamine|N:fp
diphénylcarbinol||N:ms
diphénylcarbinols|diphénylcarbinol|N:mp
diphénylcétone||N:fs
diphénylcétones|diphénylcétone|N:fp
diphényle||N+z2:ms
diphénylène||N:ms
diphénylènes|diphénylène|N:mp
diphényles|diphényle|N+z2:mp
diphényléthane||N:ms
diphényléthanes|diphényléthane|N:mp
diphényléther||N:ms
diphényléthers|diphényléther|N:mp
diphényléthylène||N:fs
diphényléthylènes|diphényléthylène|N:fp
diphénylglyoxilique||A:ms:fs
diphénylglyoxiliques|diphénylglyoxilique|A:mp:fp
diphénylhydantoïne||N:fs
diphénylhydantoïnes|diphénylhydantoïne|N:fp
diphénylhydrazine||N:fs
diphénylhydrazines|diphénylhydrazine|N:fp
diphénylméthane||N:ms
diphénylméthanes|diphénylméthane|N:mp
diphénylméthylamine||N:fs
diphénylméthylamines|diphénylméthylamine|N:fp
diphone||N:ms
diphones|diphone|N:mp
diphonie||N:fs
diphonies|diphonie|N:fp
diphosgène||N:ms
diphosgènes|diphosgène|N:mp
diphosphate||N:ms
diphosphates|diphosphate|N:mp
diphosphoglycéromutase||N:fs
diphosphoglycéromutases|diphosphoglycéromutase|N:fp
diphosphorique||A:ms:fs
diphosphoriques|diphosphorique|A:mp:fp
diphtère||N:fs
diphtères|diphtère|N:fp
diphtérie||N+z2:fs
diphtéries|diphtérie|N+z2:fp
diphtérimorphe||A:ms:fs
diphtérimorphes|diphtérimorphe|A:mp:fp
diphtérino||PFX
diphtérique||A+z2:ms:fs
diphtérique||N+z2:ms:fs
diphtériques|diphtérique|A+z2:mp:fp
diphtériques|diphtérique|N+z2:mp:fp
diphtéroïde||A:ms:fs
diphtéroïdes|diphtéroïde|A:mp:fp
diphtongaison||N:fs
diphtongaisons|diphtongaison|N:fp
diphtongue||N+z2:fs
diphtongues|diphtongue|N+z2:fp
diphtonguie||N:fs
diphtonguies|diphtonguie|N:fp
diphyès||N:ms:mp
diphyllide||N:ms
diphyllides|diphyllide|N:mp
diphyllode||N:ms
diphyllodes|diphyllode|N:mp
diphyodonte||A:ms:fs
diphyodonte||N:ms
diphyodontes|diphyodonte|A:mp:fp
diphyodontes|diphyodonte|N:mp
diphyodontie||N:fs
diphyodonties|diphyodontie|N:fp
diplacousie||N:fs
diplacousies|diplacousie|N:fp
diple||N:fs
diplégie||N:fs
diplégies|diplégie|N:fp
diples|diple|N:fp
diplex||A:ms:fs:mp:fp
diplex||N:ms:mp
diplexeur||N:ms
diplexeurs|diplexeur|N:mp
diplo||N:ms:mp
diplobacille||N:ms
diplobacilles|diplobacille|N:mp
diplobiontique||A:ms:fs
diplobiontiques|diplobiontique|A:mp:fp
diploblastique||A:ms:fs
diploblastiques|diploblastique|A:mp:fp
diplocaule||N:ms
diplocaules|diplocaule|N:mp
diplocentridé||N:ms
diplocentridés|diplocentridé|N:mp
diplocéphale||A:ms:fs
diplocéphale||N:ms
diplocéphales|diplocéphale|A:mp:fp
diplocéphales|diplocéphale|N:mp
diplocéphalie||N:fs
diplocéphalies|diplocéphalie|N:fp
diplocidaris||N:ms:mp
diplocoque||N:ms
diplocoques|diplocoque|N:mp
diplocorie||N:fs
diplocories|diplocorie|N:fp
diplodocus||N+z2:ms:mp
diplodus||N:ms:mp
diploé||N:ms
diploés|diploé|N:mp
diplogaster||N:ms
diplogasters|diplogaster|N:mp
diplogenèse||N:fs
diplogenèses|diplogenèse|N:fp
diploglosse||N:ms
diploglosses|diploglosse|N:mp
diplognathe||N:fs
diplognathes|diplognathe|N:fp
diplographe||N:ms
diplographes|diplographe|N:mp
diplograptus||N:ms:mp
diploïde||A:ms:fs
diploïdes|diploïde|A:mp:fp
diploïdie||N:fs
diploïdies|diploïdie|N:fp
diploïque||A:ms:fs
diploïques|diploïque|A:mp:fp
diplômant||A:ms
diplômante|diplômant|A:fs
diplômantes|diplômant|A:fp
diplômants|diplômant|A:mp
diplomate||A+z1:ms:fs
diplomate||N+Profession:fs:ms
diplomate||N+z1:fs:ms
diplomates|diplomate|A+z1:mp:fp
diplomates|diplomate|N+Profession:fp:mp
diplomates|diplomate|N+z1:fp:mp
diplomatico||PFX+z2
diplomatie||N+z1:fs
diplomaties|diplomatie|N+z1:fp
diplomatique||A+z1:ms:fs
diplomatique||N+z1:fs
diplomatiquement||ADV+z1
diplomatiques|diplomatique|A+z1:mp:fp
diplomatiques|diplomatique|N+z1:fp
diplomatiste||N:ms:fs
diplomatistes|diplomatiste|N:mp:fp
diplômé||A+z1:ms
diplômé||N+Profession:ms
diplôme||N+z1:ms
diplômé||N+z1:ms
diplômée|diplômé|A+z1:fs
diplômée|diplômé|N+Profession:fs
diplômée|diplômé|N+z1:fs
diplômées|diplômé|A+z1:fp
diplômées|diplômé|N+z1:fp
diplômés|diplômé|A+z1:mp
diplômés|diplômé|N+Profession:mp
diplômes|diplôme|N+z1:mp
diplômés|diplômé|N+z1:mp
diplomonadale||N:fs
diplomonadales|diplomonadale|N:fp
diplomonadine||N:fs
diplomonadines|diplomonadine|N:fp
diplomyélie||N:fs
diplomyélies|diplomyélie|N:fp
diplophonie||N:fs
diplophonies|diplophonie|N:fp
diplopie||N:fs
diplopies|diplopie|N:fp
diplopode||N:ms
diplopodes|diplopode|N:mp
diplosomie||N:fs
diplosomies|diplosomie|N:fp
diplosphyronidé||N:ms
diplosphyronidés|diplosphyronidé|N:mp
diplospondylie||N:fs
diplospondylies|diplospondylie|N:fp
diplospora||N:ms
diplosporas|diplospora|N:mp
diplosporie||N:fs
diplospories|diplosporie|N:fp
diplostracé||N:ms
diplostracés|diplostracé|N:mp
diploure||N:ms
diploures|diploure|N:mp
diplozoaire||N:ms
diplozoaires|diplozoaire|N:mp
diplozoon||N:ms
diplozoons|diplozoon|N:mp
dipneumoné||A:ms
dipneumone||A:ms:fs
dipneumone||N:fs
dipneumonée|dipneumoné|A:fs
dipneumonées|dipneumoné|A:fp
dipneumonés|dipneumoné|A:mp
dipneumones|dipneumone|A:mp:fp
dipneumones|dipneumone|N:fp
dipneuste||N:ms
dipneustes|dipneuste|N:mp
dipode||A:ms:fs
dipode||N:ms
dipodes|dipode|A:mp:fp
dipodes|dipode|N:mp
dipodidé||N:ms
dipodidés|dipodidé|N:mp
dipodie||N:fs
dipodies|dipodie|N:fp
dipolaire||A:ms:fs
dipolaires|dipolaire|A:mp:fp
dipôle||N:ms
dipoleia||N:fp
dipôles|dipôle|N:mp
diporpa||N:fs
diporpas|diporpa|N:fp
diprion||N:ms
diprions|diprion|N:mp
diprosope||N:ms
diprosopes|diprosope|N:mp
diprotodon||N:ms
diprotodons|diprotodon|N:mp
diprotodonte||N:ms
diprotodontes|diprotodonte|N:mp
dips|dip|N:mp
dipsacacée||N:fs
dipsacacées|dipsacacée|N:fp
dipsacée||N:fs
dipsacées|dipsacée|N:fp
dipsomane||A:ms:fs
dipsomane||N:ms:fs
dipsomanes|dipsomane|A:mp:fp
dipsomanes|dipsomane|N:mp:fp
dipsomaniaque||A:ms:fs
dipsomaniaques|dipsomaniaque|A:mp:fp
dipsomanie||N:fs
dipsomanies|dipsomanie|N:fp
diptère||A:ms:fs
diptère||N:ms
diptères|diptère|A:mp:fp
diptères|diptère|N:mp
diptérique||A:ms:fs
diptériques|diptérique|A:mp:fp
diptériste||N:ms:fs
diptéristes|diptériste|N:mp:fp
diptérocarpacée||N:fs
diptérocarpacées|diptérocarpacée|N:fp
diptérocarpol||N:ms
diptérocarpols|diptérocarpol|N:mp
dipterus||N:ms:mp
diptyque||N+z2:ms
diptyques|diptyque|N+z2:mp
dipyge||A:ms:fs
dipyge||N:ms
dipyges|dipyge|A:mp:fp
dipyges|dipyge|N:mp
dipylidium||N:ms
dipylidiums|dipylidium|N:mp
dipyre||N:ms
dipyres|dipyre|N:mp
dipyridamole||N:ms
dipyridamoles|dipyridamole|N:mp
dipyrrylméthane||N:ms
dipyrrylméthanes|dipyrrylméthane|N:mp
dire||N+z1:ms
direct||A+z1:ms
direct||N+z1:ms
directe|direct|A+z1:fs
directement||ADV+PADV+z1
directement||ADV+VADV+z1
directement||ADV+z1
directes|direct|A+z1:fp
directeur||A+z1:ms
directeur||N+Profession:ms
directeur||N+z1:ms
directeurs|directeur|A+z1:mp
directeurs|directeur|N+Profession:mp
directeurs|directeur|N+z1:mp
directif||A+z1:ms
directifs|directif|A+z1:mp
direction||N+z1:fs
directionnel||A+z2:ms
directionnelle|directionnel|A+z2:fs
directionnelles|directionnel|A+z2:fp
directionnels|directionnel|A+z2:mp
directions|direction|N+z1:fp
directive||N+z1:fs
directive|directif|A+z1:fs
directives|directif|A+z1:fp
directives|directive|N+z1:fp
directivisme||N:ms
directivismes|directivisme|N:mp
directivité||N+z2:fs
directivités|directivité|N+z2:fp
directo||ADV+z1
directoire||N:ms
directoires|directoire|N:mp
directorat||N:ms
directorats|directorat|N:mp
directorial||A+z2:ms
directoriale|directorial|A+z2:fs
directoriales|directorial|A+z2:fp
directorialisme||N:ms
directorialismes|directorialisme|N:mp
directoriaux|directorial|A+z2:mp
directrice||N+z1:fs
directrice|directeur|A+z1:fs
directrice|directeur|N+Profession:fs
directrice|directeur|N+z1:fs
directrices|directeur|A+z1:fp
directrices|directeur|N+z1:fp
directrices|directrice|N+z1:fp
directs|direct|A+z1:mp
directs|direct|N+z1:mp
dires||N:mp
dires|dire|N+z1:mp
dirham||N:ms
dirhams|dirham|N:mp
dirhem||N:ms
dirhems|dirhem|N:mp
dirigé||A+z1:ms
dirigeabilité||N+z2:fs
dirigeabilités|dirigeabilité|N+z2:fp
dirigeable||A+z1:ms:fs
dirigeable||N+z1:ms
dirigeables|dirigeable|A+z1:mp:fp
dirigeables|dirigeable|N+z1:mp
dirigeant||A+z1:ms
dirigeant||N+Profession:ms
dirigeant||N+z1:ms
dirigeante|dirigeant|A+z1:fs
dirigeante|dirigeant|N+Profession:fs
dirigeante|dirigeant|N+z1:fs
dirigeantes|dirigeant|A+z1:fp
dirigeantes|dirigeant|N+Profession:fp
dirigeantes|dirigeant|N+z1:fp
dirigeants|dirigeant|A+z1:mp
dirigeants|dirigeant|N+Profession:mp
dirigeants|dirigeant|N+z1:mp
dirigée|dirigé|A+z1:fs
dirigées|dirigé|A+z1:fp
dirigés|dirigé|A+z1:mp
dirigisme||N+z2:ms
dirigismes|dirigisme|N+z2:mp
dirigiste||A+z2:ms:fs
dirigiste||N+z2:ms:fs
dirigistes|dirigiste|A+z2:mp:fp
dirigistes|dirigiste|N+z2:mp:fp
dirimant||A:ms
dirimante|dirimant|A:fs
dirimantes|dirimant|A:fp
dirimants|dirimant|A:mp
dirlo||N+z2:ms:fs
dirlos|dirlo|N+z2:mp:fp
dirofilariose||N:fs
dirofilarioses|dirofilariose|N:fp
disaccharide||N:ms
disaccharides|disaccharide|N:mp
disamare||N:fs
disamares|disamare|N:fp
disant||A:ms
disante|disant|A:fs
disantes|disant|A:fp
disants|disant|A:mp
disazoïque||A:ms:fs
disazoïque||N:ms
disazoïques|disazoïque|A:mp:fp
disazoïques|disazoïque|N:mp
disc-jockey||N+XN+Hum:ms
disc-jockey||N+XN+Hum+z1:ms
disc-jockeys|disc-jockey|N+XN+Hum:mp
discal||A+z2:ms
discale||N:fs
discale|discal|A+z2:fs
discales|discal|A+z2:fp
discales|discale|N:fp
discarthrose||N:fs
discarthroses|discarthrose|N:fp
discaux|discal|A+z2:mp
discectomie||N:fs
discectomies|discectomie|N:fp
discernable||A+z1:ms:fs
discernables|discernable|A+z1:mp:fp
discernant||N:ms
discernante|discernant|N:fs
discernantes|discernant|N:fp
discernants|discernant|N:mp
discernement||N+z1:ms
discernements|discernement|N+z1:mp
discession||N:fs
discessions|discession|N:fp
discine||N:fs
discines|discine|N:fp
disciple||N+z1:ms:fs
disciples|disciple|N+z1:mp:fp
disciplinable||A+z2:ms:fs
disciplinables|disciplinable|A+z2:mp:fp
disciplinaire||A+z2:ms:fs
disciplinaire||N+z2:ms
disciplinairement||ADV+z2
disciplinaires|disciplinaire|A+z2:mp:fp
disciplinaires|disciplinaire|N+z2:mp
disciplinant||N:ms
disciplinante|disciplinant|N:fs
disciplinantes|disciplinant|N:fp
disciplinants|disciplinant|N:mp
discipliné||A+z1:ms
discipline||N+z1:fs
disciplinée|discipliné|A+z1:fs
disciplinées|discipliné|A+z1:fp
disciplinés|discipliné|A+z1:mp
disciplines|discipline|N+z1:fp
discission||N:fs
discissions|discission|N:fp
discite||N:fs
discites|discite|N:fp
disco||A+z1:ms:fs:mp:fp
disco||N+z1:fs:ms
disco||PFX+z1
discobole||A+z2:ms:fs
discobole||N+z2:ms:fs
discoboles|discobole|A+z2:mp:fp
discoboles|discobole|N+z2:mp:fp
discoglosse||N:ms
discoglosses|discoglosse|N:mp
discoglossidé||N:ms
discoglossidés|discoglossidé|N:mp
discographe||N:ms:fs
discographes|discographe|N:mp:fp
discographie||N+z2:fs
discographies|discographie|N+z2:fp
discographique||A+z2:ms:fs
discographiquement||ADV
discographiques|discographique|A+z2:mp:fp
discoïdal||A:ms
discoïdale|discoïdal|A:fs
discoïdales|discoïdal|A:fp
discoïdaux|discoïdal|A:mp
discoïde||A:ms:fs
discoïdes|discoïde|A:mp:fp
discoloration||N:fs
discolorations|discoloration|N:fp
discoméduse||N:fs
discoméduses|discoméduse|N:fp
discomycète||N:ms
discomycètes|discomycète|N:mp
discomycose||N:fs
discomycoses|discomycose|N:fp
disconnexion||N:fs
disconnexions|disconnexion|N:fp
discontacteur||N:ms
discontacteurs|discontacteur|N:mp
discontinu||A+z1:ms
discontinu||N+z1:ms
discontinuation||N+z2:fs
discontinuations|discontinuation|N+z2:fp
discontinue|discontinu|A+z1:fs
discontinues|discontinu|A+z1:fp
discontinuité||N+z1:fs
discontinuités|discontinuité|N+z1:fp
discontinûment||ADV
discontinus|discontinu|A+z1:mp
discontinus|discontinu|N+z1:mp
disconvenance||N:fs
disconvenances|disconvenance|N:fp
discopathie||N:fs
discopathies|discopathie|N:fp
discophile||A+z2:ms:fs
discophile||N+z2:ms:fs
discophiles|discophile|A+z2:mp:fp
discophiles|discophile|N+z2:mp:fp
discophilie||N+z2:fs
discophilies|discophilie|N+z2:fp
discophilique||A:ms:fs
discophiliques|discophilique|A:mp:fp
discoradiculaire||A:ms:fs
discoradiculaires|discoradiculaire|A:mp:fp
discoradiculographie||N:fs
discoradiculographies|discoradiculographie|N:fp
discord||A:ms
discordance||N+z1:fs
discordances|discordance|N+z1:fp
discordant||A+z1:ms
discordant||N+z1:ms
discordante|discordant|A+z1:fs
discordante|discordant|N+z1:fs
discordantes|discordant|A+z1:fp
discordantes|discordant|N+z1:fp
discordants|discordant|A+z1:mp
discordants|discordant|N+z1:mp
discorde||N+z1:fs
discorde|discord|A:fs
discordes|discord|A:fp
discordes|discorde|N+z1:fp
discords|discord|A:mp
discos|disco|N+z1:fp
discothécaire||N:ms:fs
discothécaires|discothécaire|N:mp:fp
discothèque||N+z1:fs
discothèques|discothèque|N+z1:fp
discount||N+z1:ms
discounter||N:ms:fs
discounters|discounter|N:mp:fp
discounts|discount|N+z1:mp
discoureur||N+z2:ms
discoureurs|discoureur|N+z2:mp
discoureuse|discoureur|N+z2:fs
discoureuses|discoureur|N+z2:fp
discours-choc||N+NN+z2:ms
discours-fleuve||N+NN+z1:ms
discours-fleuves|discours-fleuve|N+NN+z1:mp
discours||N+z1:ms:mp
discourtois||A+z2:ms:mp
discourtoise|discourtois|A+z2:fs
discourtoisement||ADV+z2
discourtoises|discourtois|A+z2:fp
discourtoisie||N:fs
discourtoisies|discourtoisie|N:fp
discrédit||N+z1:ms
discrédits|discrédit|N+z1:mp
discret||A+z1:ms
discrète|discret|A+z1:fs
discrètement||ADV+VADV+z1
discrètement||ADV+z1
discrètes|discret|A+z1:fp
discrétion||N+z1:fs
discrétionnaire||A+z2:ms:fs
discrétionnairement||ADV
discrétionnaires|discrétionnaire|A+z2:mp:fp
discrétionnalité||N:fs
discrétionnalités|discrétionnalité|N:fp
discrétions|discrétion|N+z1:fp
discrétisation||N:fs
discrétisations|discrétisation|N:fp
discrétoire||N:ms
discrétoires|discrétoire|N:mp
discrets|discret|A+z1:mp
discriminant||A+z1:ms
discriminant||N+z1:ms
discriminante|discriminant|A+z1:fs
discriminantes|discriminant|A+z1:fp
discriminants|discriminant|A+z1:mp
discriminants|discriminant|N+z1:mp
discriminateur||N:ms
discriminateurs|discriminateur|N:mp
discriminatif||A+z1:ms
discriminatifs|discriminatif|A+z1:mp
discrimination||N+z1:fs
discriminations|discrimination|N+z1:fp
discriminative|discriminatif|A+z1:fs
discriminatives|discriminatif|A+z1:fp
discriminatoire||A+z1:ms:fs
discriminatoirement||ADV+z2
discriminatoires|discriminatoire|A+z1:mp:fp
disculpation||N+z2:fs
disculpations|disculpation|N+z2:fp
discursif||A+z1:ms
discursifs|discursif|A+z1:mp
discursive|discursif|A+z1:fs
discursivement||ADV+z2
discursives|discursif|A+z1:fp
discursivité||N+z2:fs
discursivités|discursivité|N+z2:fp
discussion-marathon||N+NN+z2:fs
discussion||N+z1:fs
discussions|discussion|N+z1:fp
discutable||A+z1:ms:fs
discutables|discutable|A+z1:mp:fp
discutaillerie||N+z1:fs
discutailleries|discutaillerie|N+z1:fp
discutailleur||A+z2:ms
discutailleur||N+z2:ms
discutailleurs|discutailleur|A+z2:mp
discutailleurs|discutailleur|N+z2:mp
discutailleuse|discutailleur|A+z2:fs
discutailleuse|discutailleur|N+z2:fs
discutailleuses|discutailleur|A+z2:fp
discutailleuses|discutailleur|N+z2:fp
discuté||A+z1:ms
discutée|discuté|A+z1:fs
discutées|discuté|A+z1:fp
discutés|discuté|A+z1:mp
discuteur||A+z2:ms
discuteur||N+z2:ms
discuteurs|discuteur|A+z2:mp
discuteurs|discuteur|N+z2:mp
discuteuse|discuteur|A+z2:fs
discuteuse|discuteur|N+z2:fs
discuteuses|discuteur|A+z2:fp
discuteuses|discuteur|N+z2:fp
disert||A+z2:ms
diserte|disert|A+z2:fs
disertement||ADV+z2
disertes|disert|A+z2:fp
diserts|disert|A+z2:mp
disette||N+z2:fs
disettes|disette|N+z2:fp
disetteuse|disetteux|A:fs
disetteuse|disetteux|N:fs
disetteuses|disetteux|A:fp
disetteuses|disetteux|N:fp
disetteux||A:ms:mp
disetteux||N:ms:mp
diseur||N+z2:ms
diseurs|diseur|N+z2:mp
diseuse|diseur|N+z2:fs
diseuses|diseur|N+z2:fp
disgrâce||N+z1:fs
disgrâces|disgrâce|N+z1:fp
disgracié||A+z1:ms
disgraciée|disgracié|A+z1:fs
disgraciées|disgracié|A+z1:fp
disgraciés|disgracié|A+z1:mp
disgracieuse|disgracieux|A+z1:fs
disgracieusement||ADV+z2
disgracieuses|disgracieux|A+z1:fp
disgracieux||A+z1:ms:mp
disharmonie||N+z2:fs
disharmonies|disharmonie|N+z2:fp
disharmonique||A:ms:fs
disharmoniques|disharmonique|A:mp:fp
disjoint||A+z1:ms
disjoint||N+z1:ms
disjointe|disjoint|A+z1:fs
disjointes|disjoint|A+z1:fp
disjoints|disjoint|A+z1:mp
disjoints|disjoint|N+z1:mp
disjoncteur||N+z2:ms
disjoncteurs|disjoncteur|N+z2:mp
disjonctif||A+z2:ms
disjonctif||N+z2:ms
disjonctifs|disjonctif|A+z2:mp
disjonctifs|disjonctif|N+z2:mp
disjonction||N+z2:fs
disjonctions|disjonction|N+z2:fp
disjonctive||N:fs
disjonctive|disjonctif|A+z2:fs
disjonctivement||ADV
disjonctives|disjonctif|A+z2:fp
disjonctives|disjonctive|N:fp
dislocation||N+z1:fs
dislocations|dislocation|N+z1:fp
disloqué||A+z1:ms
disloquée|disloqué|A+z1:fs
disloquées|disloqué|A+z1:fp
disloqués|disloqué|A+z1:mp
dismorphia||N:ms
dismorphias|dismorphia|N:mp
dismutase||A:ms:fs
dismutases|dismutase|A:mp:fp
dismutation||N:fs
dismutations|dismutation|N:fp
disodé||A:ms
disodée|disodé|A:fs
disodées|disodé|A:fp
disodés|disodé|A:mp
disodique||A:ms:fs
disodiques|disodique|A:mp:fp
disomie||N:fs
disomies|disomie|N:fp
disons-le||ADV+PV+z1
dispache||N:fs
dispaches|dispache|N:fp
dispacheur||N:ms
dispacheurs|dispacheur|N:mp
disparate||A+z1:ms:fs
disparate||N+z1:ms:fs
disparatement||ADV
disparates|disparate|A+z1:mp:fp
disparates|disparate|N+z1:mp:fp
disparation||N+z1:fs
disparations|disparation|N+z1:fp
disparité||N+z1:fs
disparités|disparité|N+z1:fp
disparition||N+z1:fs
disparitions|disparition|N+z1:fp
disparu||A+z1:ms
disparu||N+z1:ms
disparue|disparu|A+z1:fs
disparue|disparu|N+z1:fs
disparues|disparu|A+z1:fp
disparues|disparu|N+z1:fp
disparus|disparu|A+z1:mp
disparus|disparu|N+z1:mp
dispatche||N:fs
dispatcher||N+z1:ms
dispatchers|dispatcher|N+z1:mp
dispatches|dispatche|N:fp
dispatcheur||N:ms
dispatcheurs|dispatcheur|N:mp
dispatcheuse|dispatcher|N+z1:fs
dispatcheuses|dispatcher|N+z1:fp
dispatching||N+z2:ms
dispatchings|dispatching|N+z2:mp
dispendieuse|dispendieux|A+z1:fs
dispendieusement||ADV+z2
dispendieuses|dispendieux|A+z1:fp
dispendieux||A+z1:ms:mp
dispensable||A+z2:ms:fs
dispensables|dispensable|A+z2:mp:fp
dispensaire||N+z1:ms
dispensaires|dispensaire|N+z1:mp
dispensateur||A:ms
dispensateur||N:ms
dispensateurs|dispensateur|A:mp
dispensateurs|dispensateur|N:mp
dispensation||N:fs
dispensations|dispensation|N:fp
dispensatrice|dispensateur|A:fs
dispensatrice|dispensateur|N:fs
dispensatrices|dispensateur|A:fp
dispensatrices|dispensateur|N:fp
dispense||N+z1:fs
dispensé||N+z1:ms
dispensée|dispensé|N+z1:fs
dispensées|dispensé|N+z1:fp
dispenses|dispense|N+z1:fp
dispensés|dispensé|N+z1:mp
dispermie||N:fs
dispermies|dispermie|N:fp
dispersal||N:ms
dispersals|dispersal|N:mp
dispersant||A+z2:ms
dispersant||N+z2:ms
dispersante|dispersant|A+z2:fs
dispersantes|dispersant|A+z2:fp
dispersants|dispersant|A+z2:mp
dispersants|dispersant|N+z2:mp
dispersé||A+z1:ms
dispersée|dispersé|A+z1:fs
dispersées|dispersé|A+z1:fp
dispersement||N:ms
dispersements|dispersement|N:mp
dispersés|dispersé|A+z1:mp
dispersibilité||N:fs
dispersibilités|dispersibilité|N:fp
dispersif||A:ms
dispersifs|dispersif|A:mp
dispersion||N+z1:fs
dispersions|dispersion|N+z1:fp
dispersive|dispersif|A:fs
dispersives|dispersif|A:fp
dispersivité||N:fs
dispersivités|dispersivité|N:fp
dispersoïde||A:ms:fs
dispersoïde||N:ms
dispersoïdes|dispersoïde|A:mp:fp
dispersoïdes|dispersoïde|N:mp
display||N:ms
displays|display|N:mp
dispondaïque||A:ms:fs
dispondaïques|dispondaïque|A:mp:fp
disponibilité||N+z1:fs
disponibilités||N:fp
disponibilités|disponibilité|N+z1:fp
disponible||A+z1:ms:fs
disponible||N+z1:fs:ms
disponibles|disponible|A+z1:mp:fp
disponibles|disponible|N+z1:mp:fp
dispos||A+z1:ms:mp
disposant||N+z2:ms
disposante|disposant|N+z2:fs
disposantes|disposant|N+z2:fp
disposants|disposant|N+z2:mp
disposé||A+z1:ms
dispose|dispos|A+z1:fs
disposée|disposé|A+z1:fs
disposées|disposé|A+z1:fp
disposes|dispos|A+z1:fp
disposés|disposé|A+z1:mp
dispositif||A:ms
dispositif||N+z1:ms
dispositifs|dispositif|A:mp
dispositifs|dispositif|N+z1:mp
disposition||N+z1:fs
dispositionnel||A+z2:ms
dispositionnelle|dispositionnel|A+z2:fs
dispositionnelles|dispositionnel|A+z2:fp
dispositionnels|dispositionnel|A+z2:mp
dispositions||N:fp
dispositions|disposition|N+z1:fp
dispositive|dispositif|A:fs
dispositives|dispositif|A:fp
disproportion||N+z1:fs
disproportionné||A+z1:ms
disproportionnée|disproportionné|A+z1:fs
disproportionnées|disproportionné|A+z1:fp
disproportionnel||A+z1:ms
disproportionnelle|disproportionnel|A+z1:fs
disproportionnellement||ADV+z2
disproportionnelles|disproportionnel|A+z1:fp
disproportionnels|disproportionnel|A+z1:mp
disproportionnément||ADV
disproportionnés|disproportionné|A+z1:mp
disproportions|disproportion|N+z1:fp
disputable||A+z2:ms:fs
disputables|disputable|A+z2:mp:fp
disputaillerie||N+z2:fs
disputailleries|disputaillerie|N+z2:fp
disputailleur||A+z2:ms
disputailleur||N+z2:ms
disputailleurs|disputailleur|A+z2:mp
disputailleurs|disputailleur|N+z2:mp
disputailleuse|disputailleur|A+z2:fs
disputailleuse|disputailleur|N+z2:fs
disputailleuses|disputailleur|A+z2:fp
disputailleuses|disputailleur|N+z2:fp
disputation||N:fs
disputations|disputation|N:fp
disputé||A:ms
dispute||N+z1:fs
disputée|disputé|A:fs
disputées|disputé|A:fp
disputés|disputé|A:mp
disputes|dispute|N+z1:fp
disputeur||N:ms
disputeurs|disputeur|N:mp
disputeuse|disputeur|N:fs
disputeuses|disputeur|N:fp
disquaire||N+z1:ms:fs
disquaires|disquaire|N+z1:mp:fp
disqualification||N+z1:fs
disqualifications|disqualification|N+z1:fp
disque-jockey||N+NN+Hum+z1:ms
disque||N+z1:ms
disques-lotion|disque-lotion|N+NN+Hum:mp
disques|disque|N+z1:mp
disquette||N+z1:fs
disquettes|disquette|N+z1:fp
disrupteur||N:ms
disrupteurs|disrupteur|N:mp
disruptif||A:ms
disruptifs|disruptif|A:mp
disruption||N:fs
disruptions|disruption|N:fp
disruptive|disruptif|A:fs
disruptives|disruptif|A:fp
dissécable||A:ms:fs
dissécables|dissécable|A:mp:fp
dissecteur||N:ms
dissecteurs|dissecteur|N:mp
dissection||N+z1:fs
dissections|dissection|N+z1:fp
dissectrice|dissecteur|N:fs
dissectrices|dissecteur|N:fp
dissemblable||A+z1:ms:fs
dissemblablement||ADV
dissemblables|dissemblable|A+z1:mp:fp
dissemblance||N+z2:fs
dissemblances|dissemblance|N+z2:fp
dissémination||N+z1:fs
disséminations|dissémination|N+z1:fp
disséminé||A:ms
disséminée|disséminé|A:fs
disséminées|disséminé|A:fp
disséminement||N:ms
disséminements|disséminement|N:mp
disséminés|disséminé|A:mp
dissension||N+z1:fs
dissensions|dissension|N+z1:fp
dissenter||N:ms
dissenters|dissenter|N:mp
dissentiment||N:ms
dissentiments|dissentiment|N:mp
disséquant||A:ms
disséquante|disséquant|A:fs
disséquantes|disséquant|A:fp
disséquants|disséquant|A:mp
disséqueur||N:ms
disséqueurs|disséqueur|N:mp
disséqueuse|disséqueur|N:fs
disséqueuses|disséqueur|N:fp
dissertation||N+z1:fs
dissertations|dissertation|N+z1:fp
dissidence||N+z1:fs
dissidences|dissidence|N+z1:fp
dissident||A+z1:ms
dissident||N+z1:ms
dissidente|dissident|A+z1:fs
dissidente|dissident|N+z1:fs
dissidentes|dissident|A+z1:fp
dissidentes|dissident|N+z1:fp
dissidents|dissident|A+z1:mp
dissidents|dissident|N+z1:mp
dissimilation||N:fs
dissimilations|dissimilation|N:fp
dissimilitude||N+z2:fs
dissimilitudes|dissimilitude|N+z2:fp
dissimulateur||A+z1:ms
dissimulateur||N+z1:ms
dissimulateurs|dissimulateur|A+z1:mp
dissimulateurs|dissimulateur|N+z1:mp
dissimulation||N+z1:fs
dissimulations|dissimulation|N+z1:fp
dissimulatrice|dissimulateur|A+z1:fs
dissimulatrice|dissimulateur|N+z1:fs
dissimulatrices|dissimulateur|A+z1:fp
dissimulatrices|dissimulateur|N+z1:fp
dissimulé||A+z1:ms
dissimulé||N+z1:ms
dissimulée|dissimulé|A+z1:fs
dissimulée|dissimulé|N+z1:fs
dissimulées|dissimulé|A+z1:fp
dissimulées|dissimulé|N+z1:fp
dissimulés|dissimulé|A+z1:mp
dissimulés|dissimulé|N+z1:mp
dissipateur||A+z2:ms
dissipateur||N+z2:ms
dissipateurs|dissipateur|A+z2:mp
dissipateurs|dissipateur|N+z2:mp
dissipatif||A:ms
dissipatifs|dissipatif|A:mp
dissipation||N+z1:fs
dissipations|dissipation|N+z1:fp
dissipative|dissipatif|A:fs
dissipatives|dissipatif|A:fp
dissipatrice|dissipateur|A+z2:fs
dissipatrice|dissipateur|N+z2:fs
dissipatrices|dissipateur|A+z2:fp
dissipatrices|dissipateur|N+z2:fp
dissipé||A+z1:ms
dissipée|dissipé|A+z1:fs
dissipées|dissipé|A+z1:fp
dissipés|dissipé|A+z1:mp
dissociabilité||N:fs
dissociabilités|dissociabilité|N:fp
dissociable||A+z2:ms:fs
dissociables|dissociable|A+z2:mp:fp
dissociant||A:ms
dissociante|dissociant|A:fs
dissociantes|dissociant|A:fp
dissociants|dissociant|A:mp
dissociateur||A:ms
dissociateurs|dissociateur|A:mp
dissociatif||A:ms
dissociatifs|dissociatif|A:mp
dissociation||N+z1:fs
dissociations|dissociation|N+z1:fp
dissociative|dissociatif|A:fs
dissociatives|dissociatif|A:fp
dissociatrice|dissociateur|A:fs
dissociatrices|dissociateur|A:fp
dissocié||A:ms
dissociée|dissocié|A:fs
dissociées|dissocié|A:fp
dissociés|dissocié|A:mp
dissolu||A+z1:ms
dissolubilité||N:fs
dissolubilités|dissolubilité|N:fp
dissoluble||A:ms:fs
dissolubles|dissoluble|A:mp:fp
dissolue|dissolu|A+z1:fs
dissolues|dissolu|A+z1:fp
dissolument||ADV
dissolus|dissolu|A+z1:mp
dissolutif||A:ms
dissolutifs|dissolutif|A:mp
dissolution||N+z1:fs
dissolutions|dissolution|N+z1:fp
dissolutive|dissolutif|A:fs
dissolutives|dissolutif|A:fp
dissolvant||A+z2:ms
dissolvant||N+z2:ms
dissolvante|dissolvant|A+z2:fs
dissolvantes|dissolvant|A+z2:fp
dissolvants|dissolvant|A+z2:mp
dissolvants|dissolvant|N+z2:mp
dissonance||N+z1:fs
dissonances|dissonance|N+z1:fp
dissonant||A+z1:ms
dissonante|dissonant|A+z1:fs
dissonantes|dissonant|A+z1:fp
dissonants|dissonant|A+z1:mp
dissuasif||A+z1:ms
dissuasifs|dissuasif|A+z1:mp
dissuasion||N+z1:fs
dissuasions|dissuasion|N+z1:fp
dissuasive|dissuasif|A+z1:fs
dissuasivement||ADV+z2
dissuasives|dissuasif|A+z1:fp
dissyllabe||A+z2:ms:fs
dissyllabe||N+z2:ms
dissyllabes|dissyllabe|A+z2:mp:fp
dissyllabes|dissyllabe|N+z2:mp
dissyllabique||A+z2:ms:fs
dissyllabiques|dissyllabique|A+z2:mp:fp
dissymétrie||N+z1:fs
dissymétries|dissymétrie|N+z1:fp
dissymétrique||A+z1:ms:fs
dissymétriquement||ADV+z2
dissymétriques|dissymétrique|A+z1:mp:fp
distal||A:ms
distale|distal|A:fs
distales|distal|A:fp
distance||N+z1:fs
distancement||N+z2:ms
distancements|distancement|N+z2:mp
distancemètre||N:ms
distancemètres|distancemètre|N:mp
distances||N:fp
distances|distance|N+z1:fp
distanciable||A+z2:ms:fs
distanciables|distanciable|A+z2:mp:fp
distanciation||N+z2:fs
distanciations|distanciation|N+z2:fp
distanciomètre||N:ms
distanciomètres|distanciomètre|N:mp
distant||A+z1:ms
distante|distant|A+z1:fs
distantes|distant|A+z1:fp
distants|distant|A+z1:mp
distaux|distal|A:mp
distensif||A:ms
distensifs|distensif|A:mp
distension||N+z2:fs
distensions|distension|N+z2:fp
distensive|distensif|A:fs
distensives|distensif|A:fp
disthène||N:ms
disthènes|disthène|N:mp
disthénique||A:ms:fs
disthéniques|disthénique|A:mp:fp
distichiase||N:fs
distichiases|distichiase|N:fp
distichiasis||N:fs:fp
distillable||A:ms:fs
distillables|distillable|A:mp:fp
distillat||N:ms
distillateur||N:ms
distillateurs|distillateur|N:mp
distillation||N+z2:fs
distillations|distillation|N+z2:fp
distillatoire||A:ms:fs
distillatoires|distillatoire|A:mp:fp
distillatrice|distillateur|N:fs
distillatrices|distillateur|N:fp
distillats|distillat|N:mp
distillerie||N+z2:fs
distilleries|distillerie|N+z2:fp
Distillers||N+Conc+Boisson+Vodka+z1:fs:fp
distinct||A+z1:ms
distincte|distinct|A+z1:fs
distinctement||ADV+z1
distinctes|distinct|A+z1:fp
distinctif||A+z1:ms
distinctifs|distinctif|A+z1:mp
distinction||N+z1:fs
distinctions|distinction|N+z1:fp
distinctive|distinctif|A+z1:fs
distinctivement||ADV
distinctives|distinctif|A+z1:fp
distincts|distinct|A+z1:mp
distinguable||A+z1:ms:fs
distinguables|distinguable|A+z1:mp:fp
distingué||A+z1:ms
distinguée|distingué|A+z1:fs
distinguées|distingué|A+z1:fp
distingués|distingué|A+z1:mp
distinguo||N+z2:ms
distinguos|distinguo|N+z2:mp
distique||A:ms:fs
distique||N:ms
distiques|distique|A:mp:fp
distiques|distique|N:mp
distomatose||N:fs
distomatoses|distomatose|N:fp
distome||N:ms
distomes|distome|N:mp
distomiase||N:fs
distomiases|distomiase|N:fp
distomien||N:ms
distomiens|distomien|N:mp
distors||A+z2:ms:mp
distorse|distors|A+z2:fs
distorses|distors|A+z2:fp
distorsiomètre||N:ms
distorsiomètres|distorsiomètre|N:mp
distorsion||N+z1:fs
distorsions|distorsion|N+z1:fp
distracteur||N:ms
distracteurs|distracteur|N:mp
distractibilité||N:fs
distractibilités|distractibilité|N:fp
distractible||A:ms:fs
distractibles|distractible|A:mp:fp
distractif||A+z2:ms
distractifs|distractif|A+z2:mp
distraction||N+z1:fs
distractions|distraction|N+z1:fp
distractive|distractif|A+z2:fs
distractives|distractif|A+z2:fp
distractivité||N:fs
distractivités|distractivité|N:fp
distrait||A+z1:ms
distrait||N+z1:ms
distraite|distrait|A+z1:fs
distraite|distrait|N+z1:fs
distraitement||ADV+z1
distraites|distrait|A+z1:fp
distraites|distrait|N+z1:fp
distraits|distrait|A+z1:mp
distraits|distrait|N+z1:mp
distrayant||A+z1:ms
distrayante|distrayant|A+z1:fs
distrayantes|distrayant|A+z1:fp
distrayants|distrayant|A+z1:mp
distribuable||A+z2:ms:fs
distribuables|distribuable|A+z2:mp:fp
distribué||A+z1:ms
distribuée|distribué|A+z1:fs
distribuées|distribué|A+z1:fp
distribués|distribué|A+z1:mp
distributaire||A+z2:ms:fs
distributaire||N+z2:ms:fs
distributaires|distributaire|A+z2:mp:fp
distributaires|distributaire|N+z2:mp:fp
distributeur||A+z1:ms
distributeur||N+Profession:ms
distributeur||N+z1:ms
distributeurs|distributeur|A+z1:mp
distributeurs|distributeur|N+Profession:mp
distributeurs|distributeur|N+z1:mp
distributif||A+z2:ms
distributif||N+z2:ms
distributifs|distributif|A+z2:mp
distributifs|distributif|N+z2:mp
distribution||N+z1:fs
distributionnalisme||N+z2:ms
distributionnalismes|distributionnalisme|N+z2:mp
distributionnaliste||A+z2:ms:fs
distributionnaliste||N+z2:ms:fs
distributionnalistes|distributionnaliste|A+z2:mp:fp
distributionnalistes|distributionnaliste|N+z2:mp:fp
distributionnel||A+z2:ms
distributionnelle|distributionnel|A+z2:fs
distributionnellement||ADV+z2
distributionnelles|distributionnel|A+z2:fp
distributionnels|distributionnel|A+z2:mp
distributions|distribution|N+z1:fp
distributive|distributif|A+z2:fs
distributivement||ADV+z2
distributives|distributif|A+z2:fp
distributivité||N:fs
distributivités|distributivité|N:fp
distributrice|distributeur|A+z1:fs
distributrice|distributeur|N+z1:fs
distributrices|distributeur|A+z1:fp
distributrices|distributeur|N+z1:fp
districhiase||N:fs
districhiases|districhiase|N:fp
districhiasis||N:fs:fp
district||N+z2:ms
districts|district|N+z2:mp
distyle||A:ms:fs
distyles|distyle|A:mp:fp
disubstitué||A:ms
disubstituée|disubstitué|A:fs
disubstituées|disubstitué|A:fp
disubstitués|disubstitué|A:mp
disulfide||N:ms
disulfides|disulfide|N:mp
disulfirame||N:ms
disulfirames|disulfirame|N:mp
disulfoné||A:ms
disulfonée|disulfoné|A:fs
disulfonées|disulfoné|A:fp
disulfonés|disulfoné|A:mp
disulfonique||A:ms:fs
disulfoniques|disulfonique|A:mp:fp
disulfure||N:ms
disulfures|disulfure|N:mp
disystolique||A:ms:fs
disystoliques|disystolique|A:mp:fp
dit||A:ms
dit||N:ms
dite|dit|A:fs
diterpène||N:ms
diterpènes|diterpène|N:mp
diterpénique||A:ms:fs
diterpéniques|diterpénique|A:mp:fp
dites|dit|A:fp
dithéisme||N:ms
dithéismes|dithéisme|N:mp
dithéiste||A:ms:fs
dithéiste||N:ms:fs
dithéistes|dithéiste|A:mp:fp
dithéistes|dithéiste|N:mp:fp
dithématisme||N:ms
dithématismes|dithématisme|N:mp
ditherme||A:ms:fs
dithermes|ditherme|A:mp:fp
dithiocarbamique||A:ms:fs
dithiocarbamiques|dithiocarbamique|A:mp:fp
dithiocarbonique||A:ms:fs
dithiocarboniques|dithiocarbonique|A:mp:fp
dithiocarboxylique||A:ms:fs
dithiocarboxyliques|dithiocarboxylique|A:mp:fp
dithiolanne||N:ms
dithiolannes|dithiolanne|N:mp
dithionate||N:ms
dithionates|dithionate|N:mp
dithionique||A:ms:fs
dithioniques|dithionique|A:mp:fp
dithionite||N:ms
dithionites|dithionite|N:mp
dithizone||N:fs
dithizones|dithizone|N:fp
dithyrambe||N:ms
dithyrambes|dithyrambe|N:mp
dithyrambique||A+z1:ms:fs
dithyrambiquement||ADV+z2
dithyrambiques|dithyrambique|A+z1:mp:fp
dito||ADV
ditoma||N:ms
ditomas|ditoma|N:mp
ditomus||N:ms:mp
dits|dit|A:mp
dits|dit|N:mp
diurèse||N:fs
diurèses|diurèse|N:fp
diurétique||A+z2:ms:fs
diurétique||N+z2:ms
diurétiques|diurétique|A+z2:mp:fp
diurétiques|diurétique|N+z2:mp
diurnal||A+z2:ms
diurnal||N+z2:ms
diurnale|diurnal|A+z2:fs
diurnales|diurnal|A+z2:fp
diurnaux|diurnal|A+z2:mp
diurnaux|diurnal|N+z2:mp
diurne||A+z1:ms:fs
diurnement||ADV+z2
diurnes|diurne|A+z1:mp:fp
diva||N+z1:fs
divagant||A+z1:ms
divagante|divagant|A+z1:fs
divagantes|divagant|A+z1:fp
divagants|divagant|A+z1:mp
divagateur||A+z2:ms
divagateur||N+z2:ms
divagateurs|divagateur|A+z2:mp
divagateurs|divagateur|N+z2:mp
divagation||N+z1:fs
divagations|divagation|N+z1:fp
divagatrice|divagateur|A+z2:fs
divagatrice|divagateur|N+z2:fs
divagatrices|divagateur|A+z2:fp
divagatrices|divagateur|N+z2:fp
divaguant||A:ms
divaguante|divaguant|A:fs
divaguantes|divaguant|A:fp
divaguants|divaguant|A:mp
divalent||A:ms
divalente|divalent|A:fs
divalentes|divalent|A:fp
divalents|divalent|A:mp
divan-coffre||N+NN:ms
divan||N+z1:mp:ms
divans|divan|N+z1:mp
divas|diva|N+z1:fp
dive||A:fs
divergence||N+z1:fs
divergences|divergence|N+z1:fp
divergent||A+z1:ms
divergent||N+z1:ms
divergente|divergent|A+z1:fs
divergentes|divergent|A+z1:fp
divergents|divergent|A+z1:mp
divergents|divergent|N+z1:mp
divers||A+z1:ms:mp
divers||DET+z1:mp
diverse|divers|A+z1:fs
diversement||ADV+VADV+z1
diversement||ADV+z1
diverses|divers|A+z1:fp
diverses|divers|DET+z1:fp
diversicorne||N:ms
diversicornes|diversicorne|N:mp
diversiers|diversier|X+z1:mp
diversifiable||A+z2:ms:fs
diversifiables|diversifiable|A+z2:mp:fp
diversification||N+z1:fs
diversifications|diversification|N+z1:fp
diversiforme||A+z2:ms:fs
diversiformes|diversiforme|A+z2:mp:fp
diversion||N+z1:fs
diversions|diversion|N+z1:fp
diversité||N+z1:fs
diversités|diversité|N+z1:fp
diverticulaire||A:ms:fs
diverticulaires|diverticulaire|A:mp:fp
diverticulation||N:fs
diverticulations|diverticulation|N:fp
diverticule||N+z2:ms
diverticulectomie||N:fs
diverticulectomies|diverticulectomie|N:fp
diverticules|diverticule|N+z2:mp
diverticulite||N:fs
diverticulites|diverticulite|N:fp
diverticulopexie||N:fs
diverticulopexies|diverticulopexie|N:fp
diverticulose||N:fs
diverticuloses|diverticulose|N:fp
divertimenti|divertimento|N:mp
divertimento||N:ms
divertimentos|divertimento|N:mp
divertissant||A+z1:ms
divertissante|divertissant|A+z1:fs
divertissantes|divertissant|A+z1:fp
divertissants|divertissant|A+z1:mp
divertissement||N+z1:ms
divertissements|divertissement|N+z1:mp
dives|dive|A:fp
divette||N:fs
divettes|divette|N:fp
dividende||N+z2:ms
dividendes|dividende|N+z2:mp
dividuel||A:ms
dividuelle|dividuel|A:fs
dividuelles|dividuel|A:fp
dividuels|dividuel|A:mp
divin||A+z1:ms
divin||N+z1:ms
divinateur||A+z2:ms
divinateur||N+z2:ms
divinateurs|divinateur|A+z2:mp
divinateurs|divinateur|N+z2:mp
divination||N+z1:fs
divinations|divination|N+z1:fp
divinatoire||A+z1:ms:fs
divinatoires|divinatoire|A+z1:mp:fp
divinatrice|divinateur|A+z2:fs
divinatrice|divinateur|N+z2:fs
divinatrices|divinateur|A+z2:fp
divinatrices|divinateur|N+z2:fp
Divine||N+Conc+Boisson+Bière+z1:fs
divine|divin|A+z1:fs
divinement||ADV+z1
divines|divin|A+z1:fp
divinisation||N+z2:fs
divinisations|divinisation|N+z2:fp
divinité||N+z1:fs
divinités|divinité|N+z1:fp
divins|divin|A+z1:mp
divinylique||A:ms:fs
divinyliques|divinylique|A:mp:fp
divio||N:ms
divios|divio|N:mp
divis||A:ms:mp
divis||N:ms:mp
divise|divis|A:fs
divises|divis|A:fp
diviseur||A+z2:ms
diviseur||N+z2:ms
diviseurs|diviseur|A+z2:mp
diviseurs|diviseur|N+z2:mp
diviseuse||N:fs
diviseuse|diviseur|A+z2:fs
diviseuse|diviseur|N+z2:fs
diviseuses|diviseur|A+z2:fp
diviseuses|diviseur|N+z2:fp
diviseuses|diviseuse|N:fp
divisibilité||N+z2:fs
divisibilités|divisibilité|N+z2:fp
divisible||A+z1:ms:fs
divisibles|divisible|A+z1:mp:fp
division||N+z1:fs
divisionnaire||A+z2:ms:fs
divisionnaire||N+z2:ms:fs
divisionnaires|divisionnaire|A+z2:mp:fp
divisionnaires|divisionnaire|N+z2:mp:fp
divisionnel||A+z2:ms
divisionnelle|divisionnel|A+z2:fs
divisionnelles|divisionnel|A+z2:fp
divisionnels|divisionnel|A+z2:mp
divisionnisme||N:ms
divisionnismes|divisionnisme|N:mp
divisionniste||A:ms:fs
divisionniste||N:ms:fs
divisionnistes|divisionniste|A:mp:fp
divisionnistes|divisionniste|N:mp:fp
divisions||N:fp
divisions|division|N+z1:fp
divisme||N:ms
divismes|divisme|N:mp
divorçant||N:ms
divorçante|divorçant|N:fs
divorçantes|divorçant|N:fp
divorçants|divorçant|N:mp
divorcé||A+z1:ms
divorce||N+z1:ms
divorcé||N+z1:ms
divorcée|divorcé|A+z1:fs
divorcée|divorcé|N+z1:fs
divorcées|divorcé|A+z1:fp
divorcées|divorcé|N+z1:fp
divorcés|divorcé|A+z1:mp
divorces|divorce|N+z1:mp
divorcés|divorcé|N+z1:mp
divorcialité||N:fs
divorcialités|divorcialité|N:fp
divortial||A:ms
divortiale|divortial|A:fs
divortiales|divortial|A:fp
divortiaux|divortial|A:mp
divulgateur||A+z2:ms
divulgateur||N+z2:ms
divulgateurs|divulgateur|A+z2:mp
divulgateurs|divulgateur|N+z2:mp
divulgation||N+z1:fs
divulgations|divulgation|N+z1:fp
divulgatrice|divulgateur|A+z2:fs
divulgatrice|divulgateur|N+z2:fs
divulgatrices|divulgateur|A+z2:fp
divulgatrices|divulgateur|N+z2:fp
divulsion||N:fs
divulsions|divulsion|N:fp
diwan||N:ms:mp
Dix-huit||DET+Dnum:mp:fp
dix-neuf||DET+Dnum:mp:fp
Dix-sept||DET+Dnum:mp:fp
dix||DET+z1:mp:fp
dix||N+z1:ms:mp
dixa||N:fs
dixas|dixa|N:fp
dixénite||N:fs
dixénites|dixénite|N:fp
dixie||N:ms
dixieland||N+z2:ms
dixielands|dixieland|N+z2:mp
dixième||A+z1:ms:fs
dixième||N+z1:fs:ms
dixièmement||ADV+z2
dixièmes|dixième|A+z1:mp:fp
dixièmes|dixième|N+z1:fp:mp
dixies|dixie|N:mp
dixit||ADV+PCPN+z1
dizain||N:ms
dizaine||N+z1:fs
dizaines|dizaine|N+z1:fp
dizainier||N:ms
dizainiers|dizainier|N:mp
dizains|dizain|N:mp
dizenier||N:ms
dizeniers|dizenier|N:mp
dizygote||A:ms:fs
dizygote||N:ms
dizygotes|dizygote|A:mp:fp
dizygotes|dizygote|N:mp
dizygotique||A:ms:fs
dizygotiques|dizygotique|A:mp:fp
djadidisme||N:ms
djadidismes|djadidisme|N:mp
djaïn||A:ms
djaïn||N:ms
djaïna||A:ms:fs:mp:fp
djaïna||N:ms:fs:mp:fp
djaïne|djaïn|A:fs
djaïne|djaïn|N:fs
djaïnes|djaïn|A:fp
djaïnes|djaïn|N:fp
djaïnisme||N:ms
djaïnismes|djaïnisme|N:mp
djaïns|djaïn|A:mp
djaïns|djaïn|N:mp
djamâa||N:fs:fp
djebel||N+z2:ms
djebels|djebel|N+z2:mp
djellaba||N+z2:fs
djellabas|djellaba|N+z2:fp
djemâa||N:fs:fp
djiboutien||A+z2:ms
Djiboutien||N+z2:ms
djiboutienne|djiboutien|A+z2:fs
Djiboutienne|Djiboutien|N+z2:fs
djiboutiennes|djiboutien|A+z2:fp
Djiboutiennes|Djiboutien|N+z2:fp
djiboutiens|djiboutien|A+z2:mp
Djiboutiens|Djiboutien|N+z2:mp
djighite||N:ms:fs
djighites|djighite|N:mp:fp
djihad||N+z1:ms
djinn||N+z2:ms
djinns|djinn|N+z2:mp
djounoud||N:ms
djounouds|djounoud|N:mp
do||N+z1:ms:mp
doâb||N:ms
doâbs|doâb|N:mp
doberman||N+z1:ms
dobermans|doberman|N+z1:mp
dobra||N:ms
dobras|dobra|N:mp
dobutamine||N:fs
dobutamines|dobutamine|N:fp
docète||N:ms:fs
docètes|docète|N:mp:fp
docétique||A:ms:fs
docétiques|docétique|A:mp:fp
docétisme||N:ms
docétismes|docétisme|N:mp
doche||N+z2:fs
doches|doche|N+z2:fp
docile||A+z1:ms:fs
docilement||ADV+z1
dociles|docile|A+z1:mp:fp
docilité||N+z1:fs
docilités|docilité|N+z1:fp
docimasie||N:fs
docimasies|docimasie|N:fp
docimologie||N:fs
docimologies|docimologie|N:fp
docimologique||A:ms:fs
docimologiquement||ADV
docimologiques|docimologique|A:mp:fp
dociostaurus||N:ms:mp
dock||N+z1:ms
docker||N+z1:ms
dockers|docker|N+z1:mp
docks|dock|N+z1:mp
docodonte||N:ms
docodontes|docodonte|N:mp
docophorus||N:ms:mp
docte||A+z1:ms:fs
docte||N+z1:ms:fs
doctement||ADV+z1
doctes|docte|A+z1:mp:fp
doctes|docte|N+z1:mp:fp
docteur||N+Profession:fs:ms
docteur||N+z1:ms
docteurs|docteur|N+Profession:fp:mp
docteurs|docteur|N+z1:mp
doctissime||A+z2:ms:fs
doctissimes|doctissime|A+z2:mp:fp
doctoral||A+z2:ms
doctorale|doctoral|A+z2:fs
doctoralement||ADV+z2
doctorales|doctoral|A+z2:fp
doctorant||N:ms
doctorante|doctorant|N:fs
doctorantes|doctorant|N:fp
doctorants|doctorant|N:mp
doctorat||N+z1:ms
doctorats|doctorat|N+z1:mp
doctoraux|doctoral|A+z2:mp
doctoresse|docteur|N+z1:fs
doctoresses|docteur|N+z1:fp
doctrinaire||A+z1:ms:fs
doctrinaire||N+z1:ms:fs
doctrinairement||ADV+z2
doctrinaires|doctrinaire|A+z1:mp:fp
doctrinaires|doctrinaire|N+z1:mp:fp
doctrinal||A+z1:ms
doctrinale|doctrinal|A+z1:fs
doctrinalement||ADV
doctrinales|doctrinal|A+z1:fp
doctrinarisme||N:ms
doctrinarismes|doctrinarisme|N:mp
doctrinaux|doctrinal|A+z1:mp
doctrine||N+z1:fs
doctrines|doctrine|N+z1:fp
docu||N:fs
document||N+z1:ms
documentaire||A+z1:ms:fs
documentaire||N+z1:ms
documentairement||ADV
documentaires|documentaire|A+z1:mp:fp
documentaires|documentaire|N+z1:mp
documentaliste||N+Profession:fs:ms
documentaliste||N+z1:ms:fs
documentalistes|documentaliste|N+z1:mp:fp
documentariste||N:ms:fs
documentaristes|documentariste|N:mp:fp
documentation||N+z1:fs
documentations|documentation|N+z1:fp
documenté||A+z1:ms
documentée|documenté|A+z1:fs
documentées|documenté|A+z1:fp
documentés|documenté|A+z1:mp
documents|document|N+z1:mp
docus|docu|N:fp
dodecaceria||N:ms
dodecacerias|dodecaceria|N:mp
dodécaèdre||A:ms:fs
dodécaèdre||N:ms
dodécaèdres|dodécaèdre|A:mp:fp
dodécaèdres|dodécaèdre|N:mp
dodécaédrique||A:ms:fs
dodécaédriquement||ADV
dodécaédriques|dodécaédrique|A:mp:fp
dodécagonal||A:ms
dodécagonale|dodécagonal|A:fs
dodécagonales|dodécagonal|A:fp
dodécagonaux|dodécagonal|A:mp
dodécagone||N:ms
dodécagones|dodécagone|N:mp
dodécane||N:ms
dodécanes|dodécane|N:mp
dodécanoïque||A:ms:fs
dodécanoïques|dodécanoïque|A:mp:fp
dodécanol||N:ms
dodécanolactame||N:ms
dodécanolactames|dodécanolactame|N:mp
dodécanols|dodécanol|N:mp
dodécaphonique||A:ms:fs
dodécaphoniquement||ADV
dodécaphoniques|dodécaphonique|A:mp:fp
dodécaphonisme||N:ms
dodécaphonismes|dodécaphonisme|N:mp
dodécaphoniste||N:ms:fs
dodécaphonistes|dodécaphoniste|N:mp:fp
dodécapole||N:fs
dodécapoles|dodécapole|N:fp
dodécastyle||A:ms:fs
dodécastyles|dodécastyle|A:mp:fp
dodécasyllabe||A:ms:fs
dodécasyllabe||N:ms
dodécasyllabes|dodécasyllabe|A:mp:fp
dodécasyllabes|dodécasyllabe|N:mp
dodécatémorie||N:fs
dodécatémories|dodécatémorie|N:fp
dodécatomorie||N:fs
dodécatomories|dodécatomorie|N:fp
dodelinement||N+z2:ms
dodelinements|dodelinement|N+z2:mp
dodinage||N:ms
dodinages|dodinage|N:mp
dodine||N:fs
dodines|dodine|N:fp
dodo||N+z1:ms
dodos|dodo|N+z1:mp
dodrantaire||A:ms:fs
dodrantaires|dodrantaire|A:mp:fp
dodu||A+z1:ms
dodue|dodu|A+z1:fs
dodues|dodu|A+z1:fp
dodus|dodu|A+z1:mp
doffer||N:ms
doffers|doffer|N:mp
dogaresse|doge|N+z2:fs
dogaresses|doge|N+z2:fp
dogat||N:ms
dogats|dogat|N:mp
doge||N+z2:ms
doges|doge|N+z2:mp
dogger||N:ms
doggers|dogger|N:mp
dogmaticien||N:ms
dogmaticienne|dogmaticien|N:fs
dogmaticiennes|dogmaticien|N:fp
dogmaticiens|dogmaticien|N:mp
dogmatique||A+z1:ms:fs
dogmatique||N+z1:fs:ms
dogmatiquement||ADV+z1
dogmatiques|dogmatique|A+z1:mp:fp
dogmatiques|dogmatique|N+z1:fp:mp
dogmatisant||A:ms
dogmatisante|dogmatisant|A:fs
dogmatisantes|dogmatisant|A:fp
dogmatisants|dogmatisant|A:mp
dogmatisation||N+z2:fs
dogmatisations|dogmatisation|N+z2:fp
dogmatiseur||A+z2:ms
dogmatiseur||N+z2:ms
dogmatiseurs|dogmatiseur|A+z2:mp
dogmatiseurs|dogmatiseur|N+z2:mp
dogmatiseuse|dogmatiseur|A+z2:fs
dogmatiseuse|dogmatiseur|N+z2:fs
dogmatiseuses|dogmatiseur|A+z2:fp
dogmatiseuses|dogmatiseur|N+z2:fp
dogmatisme||N+z1:ms
dogmatismes|dogmatisme|N+z1:mp
dogmatiste||A+z1:ms:fs
dogmatiste||N+z1:ms:fs
dogmatistes|dogmatiste|A+z1:mp:fp
dogmatistes|dogmatiste|N+z1:mp:fp
dogme||N+z1:ms
dogmes|dogme|N+z1:mp
dogue||N+z2:ms
dogues|dogue|N+z2:mp
doguin||N:ms
doguine|doguin|N:fs
doguines|doguin|N:fp
doguins|doguin|N:mp
doigt-indicateur||N+NN+Conc:ms
doigt||N+z1:ms
doigté||N+z1:ms
doigtés|doigté|N+z1:mp
doigtier||N:ms
doigtiers|doigtier|N:mp
doigts-indicateurs|doigt-indicateur|N+NN+Conc:mp
doigts|doigt|N+z1:mp
doisynolique||A:ms:fs
doisynoliques|doisynolique|A:mp:fp
doit||N:ms
doits|doit|N:mp
dojo||N:ms
dojos|dojo|N:mp
dol||N:ms
dolage||N:ms
dolages|dolage|N:mp
dolby||A+z2:ms:fs:mp:fp
dolby||N+z2:ms
dolbys|dolby|N+z2:mp
dolce||ADV+z2
dolce||N:ms
dolci|dolce|N:mp
dolcissimo||ADV
dolcissimo||N+z2:ms:mp
dolcissimos|dolcissimo|N+z2:mp
doldrums||N:mp
doléance||N+z1:fs
doléances||N:fp
doléances|doléance|N+z1:fp
doleau||N:ms
doleaux|doleau|N:mp
dolemment||ADV+z2
dolent||A+z1:ms
dolente|dolent|A+z1:fs
dolentement||ADV
dolentes|dolent|A+z1:fp
dolents|dolent|A+z1:mp
dolérite||N:fs
dolérites|dolérite|N:fp
dolerus||N:ms:mp
doleur||N:ms
doleurs|doleur|N:mp
doleuse||N:fs
doleuse|doleur|N:fs
doleuses|doleur|N:fp
doleuses|doleuse|N:fp
dolic||N:ms
dolicho||N:fs
dolicho||PFX
dolichocéphale||A:ms:fs
dolichocéphale||N:ms:fs
dolichocéphales|dolichocéphale|A:mp:fp
dolichocéphales|dolichocéphale|N:mp:fp
dolichocéphalie||N:fs
dolichocéphalies|dolichocéphalie|N:fp
dolichocolie||N:fs
dolichocolies|dolichocolie|N:fp
dolichocôlon||N:ms
dolichocôlons|dolichocôlon|N:mp
dolichocrâne||A:ms:fs
dolichocrâne||N:ms:fs
dolichocrânes|dolichocrâne|A:mp:fp
dolichocrânes|dolichocrâne|N:mp:fp
dolichocrânie||N:fs
dolichocrânies|dolichocrânie|N:fp
dolichodéridé||N:ms
dolichodéridés|dolichodéridé|N:mp
dolichoderus||N:ms:mp
dolichoentérie||N:fs
dolichoentéries|dolichoentérie|N:fp
dolichognathie||N:fs
dolichognathies|dolichognathie|N:fp
dolichomégalie||N:fs
dolichomégalies|dolichomégalie|N:fp
dolichopithèque||N:ms
dolichopithèques|dolichopithèque|N:mp
dolichopode||N:ms
dolichopodes|dolichopode|N:mp
dolichopodidé||N:ms
dolichopodidés|dolichopodidé|N:mp
dolichopus||N:ms:mp
dolichos|dolicho|N:fp
dolichosigmoïde||N:ms
dolichosigmoïdes|dolichosigmoïde|N:mp
dolichosome||N:ms
dolichosomes|dolichosome|N:mp
dolichosténomélie||N:fs
dolichosténomélies|dolichosténomélie|N:fp
dolichotypique||A:ms:fs
dolichotypiques|dolichotypique|A:mp:fp
dolics|dolic|N:mp
doline||N:fs
dolines|doline|N:fp
doliolaria||N:fs
doliolarias|doliolaria|N:fp
doliole||N:ms
dolioles|doliole|N:mp
dolique||N:ms
doliques|dolique|N:mp
dollar||N+z1:ms
dollars|dollar|N+z1:mp
dolman||N:ms
dolmans|dolman|N:mp
dolmen||N+z2:ms
dolmens|dolmen|N+z2:mp
doloire||N:fs
doloires|doloire|N:fp
dolomedes||N:ms:mp
dolomie||N:fs
dolomies|dolomie|N:fp
dolomite||N+z2:fs
dolomites|dolomite|N+z2:fp
dolomitique||A:ms:fs
dolomitiques|dolomitique|A:mp:fp
dolomitisation||N:fs
dolomitisations|dolomitisation|N:fp
dolorisme||N:ms
dolorismes|dolorisme|N:mp
doloriste||A:ms:fs
doloriste||N:ms:fs
doloristes|doloriste|A:mp:fp
doloristes|doloriste|N:mp:fp
dolosif||A:ms
dolosifs|dolosif|A:mp
dolosive|dolosif|A:fs
dolosivement||ADV
dolosives|dolosif|A:fp
dolure||N:fs
dolures|dolure|N:fp
DOM-TOM||N+NX+HumColl+Conc:mp
DOM-TOM||N+NX+HumColl+Conc+z1:mp
dom||N+z2:ms
domaine||N+z1:ms
domaines|domaine|N+z1:mp
domanial||A+z2:ms
domaniale|domanial|A+z2:fs
domaniales|domanial|A+z2:fp
domanialité||N:fs
domanialités|domanialité|N:fp
domaniaux|domanial|A+z2:mp
domanier||N:ms
domaniers|domanier|N:mp
dombiste||A:ms:fs
dombiste||N:ms:fs
dombistes|dombiste|A:mp:fp
dombistes|dombiste|N:mp:fp
dôme||N+z1:ms
doméen||A:ms
doméenne|doméen|A:fs
doméennes|doméen|A:fp
doméens|doméen|A:mp
domerie||N:fs
domeries|domerie|N:fp
dômes|dôme|N+z1:mp
domesticable||A+z2:ms:fs
domesticables|domesticable|A+z2:mp:fp
domestication||N+z2:fs
domestications|domestication|N+z2:fp
domesticité||N+z2:fs
domesticités|domesticité|N+z2:fp
domestico||PFX+z2
domestique||A+z1:ms:fs
domestique||N+Profession:fs:ms
domestique||N+z1:ms:fs
domestiquement||ADV+z2
domestiques|domestique|A+z1:mp:fp
domestiques|domestique|N+Profession:fp:mp
domestiques|domestique|N+z1:mp:fp
domeykite||N:fs
domeykites|domeykite|N:fp
domical||A:ms
domicale|domical|A:fs
domicales|domical|A:fp
domicaux|domical|A:mp
domicile||N+z1:ms
domiciles|domicile|N+z1:mp
domiciliaire||A+z2:ms:fs
domiciliaires|domiciliaire|A+z2:mp:fp
domiciliataire||N:ms:fs
domiciliataires|domiciliataire|N:mp:fp
domiciliation||N+z2:fs
domiciliations|domiciliation|N+z2:fp
domicilié||A:ms
domiciliée|domicilié|A:fs
domiciliées|domicilié|A:fp
domiciliés|domicilié|A:mp
domification||N:fs
domifications|domification|N:fp
dominance||N+z1:fs
dominances|dominance|N+z1:fp
dominant||A+z1:ms
dominante||N+z1:fs
dominante|dominant|A+z1:fs
dominantes|dominant|A+z1:fp
dominantes|dominante|N+z1:fp
dominants|dominant|A+z1:mp
dominateur||A+z1:ms
dominateur||N+z1:ms
dominateurs|dominateur|A+z1:mp
dominateurs|dominateur|N+z1:mp
domination||N+z1:fs
dominations||N:fp
dominations|domination|N+z1:fp
dominatrice|dominateur|A+z1:fs
dominatrice|dominateur|N+z1:fs
dominatrices|dominateur|A+z1:fp
dominatrices|dominateur|N+z1:fp
dominicain||A+z2:ms
dominicain||N+z2:ms
dominicaine||N:fs
dominicaine|dominicain|A+z2:fs
Dominicaine|Dominicain|N+z2:fs
dominicaines|dominicain|A+z2:fp
Dominicaines|Dominicain|N+z2:fp
dominicaines|dominicaine|N:fp
dominicains|dominicain|A+z2:mp
dominicains|dominicain|N+z2:mp
dominical||A+z1:ms
dominicale|dominical|A+z1:fs
dominicales|dominical|A+z1:fp
dominicaux|dominical|A+z1:mp
dominion||N:ms
Dominion||N+Conc+Boisson+Bière+z1:fs:fp
dominions|dominion|N:mp
domino||N+z1:ms
dominos|domino|N+z1:mp
dominoterie||N:fs
dominoteries|dominoterie|N:fp
dominotier||N+z2:ms
dominotière|dominotier|N+z2:fs
dominotières|dominotier|N+z2:fp
dominotiers|dominotier|N+z2:mp
domisme||N:ms
domismes|domisme|N:mp
dômite||N:fs
dômites|dômite|N:fp
dommage||N+z1:ms
dommageable||A+z1:ms:fs
dommageablement||ADV+z2
dommageables|dommageable|A+z1:mp:fp
dommages||N:mp
dommages|dommage|N+z1:mp
domotique||N:fs
domotiques|domotique|N:fp
domovoï||N:ms:mp
domptable||A+z2:ms:fs
domptables|domptable|A+z2:mp:fp
domptage||N+z1:ms
domptages|domptage|N+z1:mp
dompteur||N+Profession:ms
dompteur||N+z1:ms
dompteurs|dompteur|N+z1:mp
dompteuse|dompteur|N+z1:fs
dompteuses|dompteur|N+z1:fp
don-juanismes|donjuanisme|N+NN:mp
don||N+z1:ms
doña||N:fs:fp
donacidé||N:ms
donacidés|donacidé|N:mp
donacie||N:fs
donacies|donacie|N:fp
donat||N:ms
donataire||N+z2:ms:fs
donataires|donataire|N+z2:mp:fp
donatario||N:ms
donatarios|donatario|N:mp
donateur||A+z1:ms
donateur||N+z1:ms
donateurs|donateur|A+z1:mp
donateurs|donateur|N+z1:mp
donation-partage||N+NN+z2:fs
donation||N+z1:fs
donations|donation|N+z1:fp
donatisme||N:ms
donatismes|donatisme|N:mp
donatiste||A:ms:fs
donatiste||N:ms:fs
donatistes|donatiste|A:mp:fp
donatistes|donatiste|N:mp:fp
donativum||N:ms
donativums|donativum|N:mp
donatrice|donateur|A+z1:fs
donatrice|donateur|N+z1:fs
donatrices|donateur|A+z1:fp
donatrices|donateur|N+z1:fp
donats|donat|N:mp
donax||N:ms:mp
donc||ADV+PADV+z1
donc||ADV+z1
donc||CONJC+z1
dondaine||N+z2:fs
dondon||N+z2:fs
dondons|dondon|N+z2:fp
dong||INTJ+z1
dông||N:ms
dôngs|dông|N:mp
donjon||N+z1:ms
donjonné||A:ms
donjonnée|donjonné|A:fs
donjonnées|donjonné|A:fp
donjonnés|donjonné|A:mp
donjons|donjon|N+z1:mp
donjuanesque||A+z2:ms:fs
donjuanesques|donjuanesque|A+z2:mp:fp
donjuanisme||N+z1:ms
donjuanismes|donjuanisme|N+z1:mp
donna||N:fs
donnant||A+z1:ms
donnante|donnant|A+z1:fs
donnantes|donnant|A+z1:fp
donnants|donnant|A+z1:mp
donné||A+z1:ms
donne||N+z1:fs
donné||N+z1:ms
donne|donna|N:fp
donnée||N:fs
donnée|donné|A+z1:fs
données|donné|A+z1:fp
données|donnée|N:fp
donnés|donné|A+z1:mp
donnes|donne|N+z1:fp
donnés|donné|N+z1:mp
donneur||A+z1:ms
donneur||N+z1:ms
donneurs|donneur|A+z1:mp
donneurs|donneur|N+z1:mp
donneuse|donneur|A+z1:fs
donneuse|donneur|N+z1:fs
donneuses|donneur|A+z1:fp
donneuses|donneur|N+z1:fp
donovanose||N:fs
donovanoses|donovanose|N:fp
donquichottisme||N+z1:ms
donquichottismes|donquichottisme|N+z1:mp
dons|don|N+z1:mp
dont||ADV+PCPN+z1
dont||PREP+z1
dont||PRO+z1
donzelle||N+z1:fs
donzelles|donzelle|N+z1:fp
dop||N:ms
dopa||N:fs
DOPA||N:fs:fp
dopage||N+z1:ms
dopages|dopage|N+z1:mp
dopaldéhyde||N:ms
dopaldéhydes|dopaldéhyde|N:mp
dopamine||N:fs
dopaminergie||N:fs
dopaminergies|dopaminergie|N:fp
dopaminergique||A:ms:fs
dopaminergiques|dopaminergique|A:mp:fp
dopaminomimétique||A:ms:fs
dopaminomimétiques|dopaminomimétique|A:mp:fp
dopant||A+z2:ms
dopant||N+z2:ms
dopante|dopant|A+z2:fs
dopantes|dopant|A+z2:fp
dopants|dopant|A+z2:mp
dopants|dopant|N+z2:mp
dope||N:fs:ms
dopes|dope|N:fp:mp
doping||N+z2:ms
dopings|doping|N+z2:mp
doppler||N+z2:ms
dopplers|doppler|N+z2:mp
dops|dop|N:mp
dorab||N:ms
dorabs|dorab|N:mp
dorade||N+z1:fs
dorades|dorade|N+z1:fp
dorage||N+z2:ms
dorages|dorage|N+z2:mp
dorcadion||N:ms
dorcadions|dorcadion|N:mp
dorcas||N:ms:mp
dorcus||N:ms:mp
doré||A+z1:ms
doré||N+z1:ms
dorée||N:fs
dorée|doré|A+z1:fs
dorées|doré|A+z1:fp
dorées|dorée|N:fp
dorénavant||ADV+PADV+z1
dorénavant||ADV+z1
dorés|doré|A+z1:mp
dorés|doré|N+z1:mp
doreur||A+z2:ms
doreur||N+z2:ms
doreurs|doreur|A+z2:mp
doreurs|doreur|N+z2:mp
doreuse|doreur|A+z2:fs
doreuse|doreur|N+z2:fs
doreuses|doreur|A+z2:fp
doreuses|doreur|N+z2:fp
dorididé||N:ms
dorididés|dorididé|N:mp
dorien||A:ms
Dorien||N:ms
dorienne|dorien|A:fs
Dorienne|Dorien|N:fs
doriennes|dorien|A:fp
Doriennes|Dorien|N:fp
doriens|dorien|A:mp
Doriens|Dorien|N:mp
dorique||A+z2:ms:fs
doriquement||ADV
doriques|dorique|A+z2:mp:fp
doris||N:fp:fs:mp:ms
dorisme||N:ms
dorismes|dorisme|N:mp
dorlotement||N+z2:ms
dorlotements|dorlotement|N+z2:mp
dormance||N:fs
dormances|dormance|N:fp
dormant||A+z1:ms
dormant||N+z1:ms
dormante|dormant|A+z1:fs
dormantes|dormant|A+z1:fp
dormants|dormant|A+z1:mp
dormants|dormant|N+z1:mp
dormeur||A+z1:ms
dormeur||N+z1:ms
dormeurs|dormeur|A+z1:mp
dormeurs|dormeur|N+z1:mp
dormeuse||N:fs
dormeuse|dormeur|A+z1:fs
dormeuse|dormeur|N+z1:fs
dormeuses|dormeur|A+z1:fp
dormeuses|dormeur|N+z1:fp
dormeuses|dormeuse|N:fp
dormille||N:fs
dormilles|dormille|N:fp
dormitif||A:ms
dormitifs|dormitif|A:mp
dormition||N:fs
dormitions|dormition|N:fp
dormitive|dormitif|A:fs
dormitives|dormitif|A:fp
doronic||N:ms
doronics|doronic|N:mp
doronicum||N:ms
doronicums|doronicum|N:mp
dorsal||A+z1:ms
dorsal||N+z1:ms
dorsale||N+z2:fs
dorsale|dorsal|A+z1:fs
dorsalement||ADV+z2
dorsales|dorsal|A+z1:fp
dorsales|dorsale|N+z2:fp
dorsalgie||N:fs
dorsalgies|dorsalgie|N:fp
dorsalisant||A:ms
dorsalisante|dorsalisant|A:fs
dorsalisantes|dorsalisant|A:fp
dorsalisants|dorsalisant|A:mp
dorsalisation||N:fs
dorsalisations|dorsalisation|N:fp
dorsarthrose||N:fs
dorsarthroses|dorsarthrose|N:fp
dorsaux|dorsal|A+z1:mp
dorsay||N:ms
dorsays|dorsay|N:mp
dorsiventral||A:ms
dorsiventrale|dorsiventral|A:fs
dorsiventrales|dorsiventral|A:fp
dorsiventraux|dorsiventral|A:mp
dorso-palatal||A+EPA+z1:ms
dorso||PFX+z2
dorsolombaire||A:ms:fs
dorsolombaires|dorsolombaire|A:mp:fp
dortoir||N+z1:ms
dortoirs|dortoir|N+z1:mp
dorure||N+z1:fs
dorures|dorure|N+z1:fp
dorygnathe||N:ms
dorygnathes|dorygnathe|N:mp
dorylaimus||N:ms:mp
dorylidé||N:ms
dorylidés|dorylidé|N:mp
doryphore||N+z2:ms
doryphores|doryphore|N+z2:mp
dorytome||N:ms
dorytomes|dorytome|N:mp
dos-à-dos||N+NAN+Conc:ms:mp
dos||N+z1:ms:mp
dosable||A+z1:ms:fs
dosables|dosable|A+z1:mp:fp
dosage||N+z1:ms
dosages|dosage|N+z1:mp
dose||N+z1:fs
doses|dose|N+z1:fp
dosette||N+z1:ms
dosettes|dosette|N+z1:mp
doseur||A+z2:ms
doseur||N+z2:ms
doseurs|doseur|A+z2:mp
doseurs|doseur|N+z2:mp
doseuse||N+z2:fs
doseuse|doseur|A+z2:fs
doseuse|doseur|N+z2:fs
doseuses|doseur|A+z2:fp
doseuses|doseur|N+z2:fp
doseuses|doseuse|N+z2:fp
dosimètre||N:ms
dosimètres|dosimètre|N:mp
dosimétrie||N:fs
dosimétries|dosimétrie|N:fp
dosinia||N:fs
dosinias|dosinia|N:fp
dossage||N:ms
dossages|dossage|N:mp
dossal||N:ms
dossals|dossal|N:mp
dossard||N+z1:ms
dossards|dossard|N+z1:mp
dosse||N:fs
dosseret||N+z2:ms
dosserets|dosseret|N+z2:mp
dosses|dosse|N:fp
dosseuse||N:fs
dosseuses|dosseuse|N:fp
dossier||N:ms
dossier||N+z1:ms
dossière||N:fs
dossières|dossière|N:fp
dossiers|dossier|N:mp
dossiers|dossier|N+z1:mp
dot||N+z1:fs
dotal||A:ms
dotale|dotal|A:fs
dotales|dotal|A:fp
dotalité||N:fs
dotalités|dotalité|N:fp
dotation||N+z1:fs
dotations|dotation|N+z1:fp
dotaux|dotal|A:mp
dothiénentérie||N:fs
dothiénentéries|dothiénentérie|N:fp
dothiénentérite||N:fs
dothiénentérites|dothiénentérite|N:fp
dots|dot|N+z1:fp
douaire||N:ms
douaires|douaire|N:mp
douairière||N+z2:fs
douairières|douairière|N+z2:fp
douance||N:fs
douane||N+z1:fs
douanes||N:mp
douanes|douane|N+z1:fp
douania||N:fp
douanier||A+z1:ms
douanier||N+z1:ms
douanière|douanier|A+z1:fs
douanière|douanier|N+z1:fs
douanières|douanier|A+z1:fp
douanières|douanier|N+z1:fp
douaniers|douanier|A+z1:mp
douaniers|douanier|N+z1:mp
douar||N:ms
douars|douar|N:mp
doublage||N+z1:ms
doublages|doublage|N+z1:mp
doublante||N:fs
doublantes|doublante|N:fp
double-as||N+AN:ms
double-caponnière||N+AN+Conc:fs
double-commande||N+AN+Conc:fs
double-croche||N+AN:fs
double-doublet||N+AN:ms
double-étoffe||N+AN+Conc:fs
double-fenêtre||N+AN+Conc:fs
double-fond||N+AN+Conc:ms
double-hunier||N+AN+Conc:ms
double-quatre||N+AN:ms
double-six||N+AN:ms
double-torsion||N+AN:fs
doublé||A+z1:ms
double||A+z1:ms:fs
double||N+z1:ms
doublé||N+z1:ms
doubleau||N:ms
doubleaux|doubleau|N:mp
doublée|doublé|A+z1:fs
doublées|doublé|A+z1:fp
doublement||ADV+PADV+z1
doublement||ADV+z1
doublement||N+z1:ms
doublements|doublement|N+z1:mp
doubles-blancs|double-blanc|N+AN:mp
doubles-corps|double-corps|N+AN+Conc:mp
doubles-deux|double-deux|N+AN:mp
doubles-faces|double-face|N+AN+Conc:fp
doubles-fonds|double-fond|N+AN+Conc:mp
doubles-plis|double-pli|N+AN:mp
doubles-sculls|double-scull|N+AN:mp
doubles-toits|double-toit|N+AN+Conc:mp
doubles-un|double-un|N+AN:mp
doublés|doublé|A+z1:mp
doubles|double|A+z1:mp:fp
doubles|double|N+z1:mp
doublés|doublé|N+z1:mp
doublet||N+z1:ms
doublets|doublet|N+z1:mp
doublette||N:fs
doublettes|doublette|N:fp
doubleur||N+z1:ms
doubleurs|doubleur|N+z1:mp
doubleuse||N:fs
doubleuse|doubleur|N+z1:fs
doubleuses|doubleur|N+z1:fp
doubleuses|doubleuse|N:fp
doublier||N:ms
doublière||N:fs
doublières|doublière|N:fp
doubliers|doublier|N:mp
doublis||N:ms:mp
doublon||N+z1:ms
doublonne|doublon|N+z1:fs
doublonnes|doublon|N+z1:fp
doublons|doublon|N+z1:mp
doublure||N+z1:fs
doublures|doublure|N+z1:fp
douc||N:ms
douçain||N:ms
douçains|douçain|N:mp
douce-amère||N+NA+Conc:fs
douce-amère||N+NA+Conc+z2:fs
douce||N:fs
douce|doux|A+z1:fs
douceâtre||A+z1:ms:fs
douceâtrement||ADV+z2
douceâtres|douceâtre|A+z1:mp:fp
doucement||ADV+PADV+z1
doucement||ADV+VADV+z1
doucement||ADV+z1
doucereuse|doucereux|A+z1:fs
doucereuse|doucereux|N+z1:fs
doucereusement||ADV+z2
doucereuses|doucereux|A+z1:fp
doucereuses|doucereux|N+z1:fp
doucereux||A+z1:ms:mp
doucereux||N+z1:ms:mp
douces-amères|douce-amère|N+NA+Conc:fp
douces-amères|douce-amère|N+NA+Conc+z2:fp
douces|douce|N:fp
douces|doux|A+z1:fp
doucet||A:ms
doucets|doucet|A:mp
doucette||N:fs
doucette|doucet|A:fs
doucettement||ADV+z1
doucettes|doucet|A:fp
doucettes|doucette|N:fp
douceur||N+z1:fs
douceurs||N:fp
douceurs|douceur|N+z1:fp
douche||N+z1:fs
douches||N:fp
douches|douche|N+z1:fp
douchette||N:fs
douchettes|douchette|N:fp
doucheur||N:ms
doucheurs|doucheur|N:mp
doucheuse|doucheur|N:fs
doucheuses|doucheur|N:fp
douci||A:ms
doucie|douci|A:fs
doucies|douci|A:fp
doucin||N:ms
doucine||N:fs
doucines|doucine|N:fp
doucins|doucin|N:mp
doucis|douci|A:mp
doucissage||N:ms
doucissages|doucissage|N:mp
doucisseur||N:ms
doucisseurs|doucisseur|N:mp
doucisseuse|doucisseur|N:fs
doucisseuses|doucisseur|N:fp
doucs|douc|N:mp
doudou||N+z2:fs
doudoune||N+z1:fs
doudounes|doudoune|N+z1:fp
doudous|doudou|N+z2:fp
doué||A+z1:ms
douée|doué|A+z1:fs
douées|doué|A+z1:fp
douelle||N:fs
douelles|douelle|N:fp
douellière||N:fs
douellières|douellière|N:fp
doués|doué|A+z1:mp
douglas||N:ms:mp
douglassectomie||N:fs
douglassectomies|douglassectomie|N:fp
douglassite||N:fs
douglassites|douglassite|N:fp
douil||N:ms
douille||N+z1:fs
douilles|douille|N+z1:fp
douillet||A+z1:ms
douillet||N+z1:ms
douillets|douillet|A+z1:mp
douillets|douillet|N+z1:mp
douillette||N:fs
douillette|douillet|A+z1:fs
douillette|douillet|N+z1:fs
douillettement||ADV+z1
douilletterie||N:fs
douilletteries|douilletterie|N:fp
douillettes|douillet|A+z1:fp
douillettes|douillet|N+z1:fp
douillettes|douillette|N:fp
douils|douil|N:mp
douleur||N+z1:fs
douleurs||N:fp
douleurs|douleur|N+z1:fp
douloureuse||N+z2:fs
douloureuse|douloureux|A+z1:fs
douloureusement||ADV+z1
douloureuses|douloureuse|N+z2:fp
douloureuses|douloureux|A+z1:fp
douloureux||A+z1:ms:mp
doum||N:ms
douma||N:fs
doumas|douma|N:fp
doums|doum|N:mp
dourine||N:fs
dourines|dourine|N:fp
douro||N:ms
douros|douro|N:mp
douroucouli||N:ms
douroucoulis|douroucouli|N:mp
doute||N+z1:ms
doutes|doute|N+z1:mp
douteur||A:ms
douteur||N:ms
douteurs|douteur|A:mp
douteurs|douteur|N:mp
douteuse|douteur|A:fs
douteuse|douteur|N:fs
douteuse|douteux|A+z1:fs
douteusement||ADV+z2
douteuses|douteur|A:fp
douteuses|douteur|N:fp
douteuses|douteux|A+z1:fp
douteux||A+z1:ms:mp
douvain||N:ms
douvains|douvain|N:mp
douve||N+z2:fs
douvelle||N:fs
douvelles|douvelle|N:fp
douves|douve|N+z2:fp
douvin||N:ms
douvins|douvin|N:mp
doux||A+z1:ms:mp
doux||ADV+z1
douzain||N:ms
douzaine||N+z1:fs
douzaines|douzaine|N+z1:fp
douzains|douzain|N:mp
douze||DET+z1:mp:fp
douze||N+z1:ms:mp
douzième||A+z1:ms:fs
douzième||N+z1:fs:ms
douzièmement||ADV+z2
douzièmes|douzième|A+z1:mp:fp
douzièmes|douzième|N+z1:fp:mp
down||N+z1:ms
downs|down|N+z1:mp
doxa||N:fs
doxologie||N:fs
doxologies|doxologie|N:fp
doxologique||A:ms:fs
doxologiques|doxologique|A:mp:fp
doxométrie||N:fs
doxométries|doxométrie|N:fp
doxosophe||N:ms:fs
doxosophes|doxosophe|N:mp:fp
doxycycline||N:fs
doxycyclines|doxycycline|N:fp
doyen||N+Profession:ms
doyen||N+z1:ms
doyenné||N:fs:ms
doyenne|doyen|N+Profession:fs
doyenne|doyen|N+z1:fs
doyennes|doyen|N+z1:fp
doyennés|doyenné|N:fp:mp
doyenneté||N+z2:fs
doyennetés|doyenneté|N+z2:fp
doyens|doyen|N+z1:mp
dracena||N:ms
dracéna||N:ms
dracenas|dracena|N:mp
dracénas|dracéna|N:mp
drachma||N:fs
drachmas|drachma|N:fp
drachme||N+z2:fs
drachmes|drachme|N+z2:fp
draconien||A+z1:ms
draconienne|draconien|A+z1:fs
draconiennement||ADV
draconiennes|draconien|A+z1:fp
draconiens|draconien|A+z1:mp
draconitique||A:ms:fs
draconitiques|draconitique|A:mp:fp
Dracula||N+Conc+Boisson+Vodka+z1:fs:fp
dracunculose||N:fs
dracunculoses|dracunculose|N:fp
dracunculus||N:ms:mp
drag||N:ms
dragage||N+z2:ms
dragages|dragage|N+z2:mp
dragée||N+z1:fs
dragées|dragée|N+z1:fp
dragéification||N:fs
dragéifications|dragéification|N:fp
dragéifié||A+z2:ms
dragéifiée|dragéifié|A+z2:fs
dragéifiées|dragéifié|A+z2:fp
dragéifiés|dragéifié|A+z2:mp
drageoir||N:ms
drageoirs|drageoir|N:mp
drageon||N:ms
drageonnage||N:ms
drageonnages|drageonnage|N:mp
drageonnant||A:ms
drageonnante|drageonnant|A:fs
drageonnantes|drageonnant|A:fp
drageonnants|drageonnant|A:mp
drageonnement||N:ms
drageonnements|drageonnement|N:mp
drageons|drageon|N:mp
dragline||N:fs
draglines|dragline|N:fp
dragon||N+z1:ms
dragonnade||N+z2:fs
dragonnades|dragonnade|N+z2:fp
dragonne||N:fs
dragonneau||N:ms
dragonneaux|dragonneau|N:mp
dragonnes|dragonne|N:fp
dragonnet||N:ms
dragonnets|dragonnet|N:mp
dragonnier||N:ms
dragonniers|dragonnier|N:mp
dragons|dragon|N+z1:mp
drags|drag|N:mp
dragster||N:ms
dragsters|dragster|N:mp
drague||N+z1:fs
draguelles||N:fp
dragues|drague|N+z1:fp
draguette||N:fs
draguettes|draguette|N:fp
dragueur||A+z1:ms
dragueur||N+z1:ms
dragueurs|dragueur|A+z1:mp
dragueurs|dragueur|N+z1:mp
dragueuse||N:fs
dragueuse|dragueur|A+z1:fs
dragueuse|dragueur|N+z1:fs
dragueuses|dragueur|A+z1:fp
dragueuses|dragueur|N+z1:fp
dragueuses|dragueuse|N:fp
draille||N:fs
drailles|draille|N:fp
drain||N+z1:ms
drainage||N+z1:ms
drainages|drainage|N+z1:mp
drainant||A:ms
drainante|drainant|A:fs
drainantes|drainant|A:fp
drainants|drainant|A:mp
draine||N:fs
draines|draine|N:fp
draineur||A:ms
draineur||N:ms
draineurs|draineur|A:mp
draineurs|draineur|N:mp
draineuse||N:fs
draineuse|draineur|A:fs
draineuse|draineur|N:fs
draineuses|draineur|A:fp
draineuses|draineur|N:fp
draineuses|draineuse|N:fp
drains|drain|N+z1:mp
draisienne||N:fs
draisiennes|draisienne|N:fp
draisine||N:fs
draisines|draisine|N:fp
drakkar||N:ms
drakkars|drakkar|N:mp
dralon||N+z2:ms
dralons|dralon|N+z2:mp
dramatico||PFX+z2
dramatique||A+z1:ms:fs
dramatique||N+z1:fs
dramatiquement||ADV+z1
dramatiques|dramatique|A+z1:mp:fp
dramatiques|dramatique|N+z1:fp
dramatisant||A+z2:ms
dramatisante|dramatisant|A+z2:fs
dramatisantes|dramatisant|A+z2:fp
dramatisants|dramatisant|A+z2:mp
dramatisation||N+z1:fs
dramatisations|dramatisation|N+z1:fp
dramatiseur||N:ms
dramatiseurs|dramatiseur|N:mp
dramatiseuse|dramatiseur|N:fs
dramatiseuses|dramatiseur|N:fp
dramatisme||N:ms
dramatismes|dramatisme|N:mp
dramaturge||N+Profession:fs:ms
dramaturge||N+z1:ms:fs
dramaturges|dramaturge|N+Profession:fp:mp
dramaturges|dramaturge|N+z1:mp:fp
dramaturgie||N+z1:fs
dramaturgies|dramaturgie|N+z1:fp
dramaturgique||A+z1:ms:fs
dramaturgiques|dramaturgique|A+z1:mp:fp
drame||N:ms
drames|drame|N:mp
drap||N+z1:ms
drapage||N:ms
drapages|drapage|N:mp
drapant||A+z2:ms
drapante|drapant|A+z2:fs
drapantes|drapant|A+z2:fp
drapants|drapant|A+z2:mp
drapé||A+z1:ms
drapé||N+z1:ms
drapeau||N+z1:ms
drapeaux|drapeau|N+z1:mp
drapée|drapé|A+z1:fs
drapées|drapé|A+z1:fp
drapement||N+z2:ms
drapements|drapement|N+z2:mp
draperie||N+z1:fs
draperies||N:fp
draperies|draperie|N+z1:fp
drapés|drapé|A+z1:mp
drapés|drapé|N+z1:mp
drapier||A+z2:ms
drapier||N+z2:ms
drapière|drapier|A+z2:fs
drapière|drapier|N+z2:fs
drapières|drapier|A+z2:fp
drapières|drapier|N+z2:fp
drapiers|drapier|A+z2:mp
drapiers|drapier|N+Profession:mp
drapiers|drapier|N+z2:mp
draps|drap|N+z1:mp
drassidé||N:ms
drassidés|drassidé|N:mp
drasticité||N:fs
drasticités|drasticité|N:fp
drastique||A+z2:ms:fs
drastique||N+z2:ms
drastiquement||ADV+z2
drastiques|drastique|A+z2:mp:fp
drastiques|drastique|N+z2:mp
draug||N:ms
draugs|draug|N:mp
drave||N:fs
draves|drave|N:fp
draveur||N:ms
draveurs|draveur|N:mp
draveuse|draveur|N:fs
draveuses|draveur|N:fp
dravidien||A:ms
dravidien||N:ms
dravidienne|dravidien|A:fs
Dravidienne|Dravidien|N:fs
dravidiennes|dravidien|A:fp
Dravidiennes|Dravidien|N:fp
dravidiens|dravidien|A:mp
Dravidiens|Dravidien|N:mp
dravière||N:fs
dravières|dravière|N:fp
dravite||N:fs
dravites|dravite|N:fp
drawback||N:ms
drawbacks|drawback|N:mp
drayage||N:ms
drayages|drayage|N:mp
drayeuse||N:fs
drayeuses|drayeuse|N:fp
drayoir||N:ms
drayoire||N:fs
drayoires|drayoire|N:fp
drayoirs|drayoir|N:mp
drayure||N:fs
drayures|drayure|N:fp
dreadlocks||N:fp
dreadnought||N:ms
dreadnoughts|dreadnought|N:mp
dreamy||N:ms
dreamys|dreamy|N:mp
drèche||N:fs
drèches|drèche|N:fp
drège||N:fs
drèges|drège|N:fp
drégeur||N:ms
drégeurs|drégeur|N:mp
drégeuse|drégeur|N:fs
drégeuses|drégeur|N:fp
dreige||N:fs
dreiges|dreige|N:fp
dreigeur||N:ms
dreigeurs|dreigeur|N:mp
dreissena||N:fs
dreissenas|dreissena|N:fp
dreissénidé||N:ms
dreissénidés|dreissénidé|N:mp
dreissénie||N:fs
dreissénies|dreissénie|N:fp
dreissensia||N:fs
dreissensias|dreissensia|N:fp
drelin||INTJ+z2
drelin||N+z2:ms
drelins|drelin|N+z2:mp
drenne||N:fs
drennes|drenne|N:fp
drepana||N:ms
drepanas|drepana|N:mp
drépanaspis||N:ms:mp
drépanidé||N:ms
drépanidés|drépanidé|N:mp
drépanocytaire||A:ms:fs
drépanocytaires|drépanocytaire|A:mp:fp
drépanocyte||N:ms
drépanocytes|drépanocyte|N:mp
drépanocytose||N:fs
drépanocytoses|drépanocytose|N:fp
drépanornis||N:ms:mp
dress||N+z1:ms:mp
dressage||N+z1:ms
dressages|dressage|N+z1:mp
dressant||N:ms
dressants|dressant|N:mp
dresse||N:fs
dressement||N+z1:ms
dressements|dressement|N+z1:mp
dresses|dresse|N:fp
dresseur||N+z1:ms
dresseurs|dresseur|N+z1:mp
dresseuse||N:fs
dresseuse|dresseur|N+z1:fs
dresseuses|dresseur|N+z1:fp
dresseuses|dresseuse|N:fp
dressing||N+z1:ms
dressings|dressing|N+z1:mp
dressoir||N:ms
dressoirs|dressoir|N:mp
drève||N:fs
drèves|drève|N:fp
dreyfusard||A+z1:ms
dreyfusard||N+z1:ms
dreyfusarde|dreyfusard|A+z1:fs
dreyfusarde|dreyfusard|N+z1:fs
dreyfusardes|dreyfusard|A+z1:fp
dreyfusardes|dreyfusard|N+z1:fp
dreyfusards|dreyfusard|A+z1:mp
dreyfusards|dreyfusard|N+z1:mp
dreyfusia||N:fs
dreyfusias|dreyfusia|N:fp
dreyfusisme||N+z2:ms
dreyfusismes|dreyfusisme|N+z2:mp
dreyssensia||N:fs
dreyssensias|dreyssensia|N:fp
dribblage||N+z2:ms
dribblages|dribblage|N+z2:mp
dribble||N+z2:ms
dribbles|dribble|N+z2:mp
dribbleur||N+z2:ms
dribbleurs|dribbleur|N+z2:mp
dribbleuse|dribbleur|N+z2:fs
dribbleuses|dribbleur|N+z2:fp
dribbling||N:ms
dribblings|dribbling|N:mp
dries|dry|N+z1:mp
drift||N:ms
drifter||N:ms
drifters|drifter|N:mp
drifts|drift|N:mp
drile||N:ms
driles|drile|N:mp
drilidé||N:ms
drilidés|drilidé|N:mp
drill||N:ms
drille||N:fs:ms
drilles|drille|N:fp:mp
drills|drill|N:mp
dring||INTJ+z1
dring||N+z1:ms
drings|dring|N+z1:mp
drink||N+z2:ms
drinks|drink|N+z2:mp
driographie||N:fs
driographies|driographie|N:fp
driographique||A:ms:fs
driographiquement||ADV
driographiques|driographique|A:mp:fp
dripping||N:ms
drippings|dripping|N:mp
drisse||N:fs
drisses|drisse|N:fp
drive-in||N+NX+Conc:ms:mp
drive||N+z2:ms
driver||N+z2:ms
drivers|driver|N+z2:mp
drives|drive|N+z2:mp
driveur||N:ms
driveurs|driveur|N:mp
driveuse|driveur|N:fs
driveuses|driveur|N:fp
drogman||N:ms
drogmans|drogman|N:mp
drogué||A+z1:ms
drogue||N+z1:fs
drogué||N+z1:ms
droguée|drogué|A+z1:fs
droguée|drogué|N+z1:fs
droguées|drogué|A+z1:fp
droguées|drogué|N+z1:fp
droguerie||N+z1:fs
drogueries|droguerie|N+z1:fp
drogués|drogué|A+z1:mp
drogues|drogue|N+z1:fp
drogués|drogué|N+z1:mp
droguet||N:ms
droguets|droguet|N:mp
drogueur||N:ms
drogueurs|drogueur|N:mp
droguier||N:ms
droguiers|droguier|N:mp
droguiste||N+z1:ms:fs
droguistes|droguiste|N+Profession:fp:mp
droguistes|droguiste|N+z1:mp:fp
droit-fil||N+AN:ms
droit||A+z1:ms
droit||ADV+z1
droit||N+z1:ms
droite||N+z1:fs
droite|droit|A+z1:fs
droitement||ADV+z1
droiterie||N:fs
droiteries|droiterie|N:fp
droites|droit|A+z1:fp
droites|droite|N+z1:fp
droitier||A+z1:ms
droitier||N+z1:ms
droitière|droitier|A+z1:fs
droitière|droitier|N+z1:fs
droitières|droitier|A+z1:fp
droitières|droitier|N+z1:fp
droitiers|droitier|A+z1:mp
droitiers|droitier|N+z1:mp
droitisation||N:fs
droitisations|droitisation|N:fp
droitisme||N+z2:ms
droitismes|droitisme|N+z2:mp
droitiste||A+z2:ms:fs
droitiste||N+z2:ms:fs
droitistes|droitiste|A+z2:mp:fp
droitistes|droitiste|N+z2:mp:fp
droits||N:mp
droits|droit|A+z1:mp
droits|droit|N+z1:mp
droiture||N+z1:fs
droitures|droiture|N+z1:fp
drolatique||A+z1:ms:fs
drolatiquement||ADV
drolatiques|drolatique|A+z1:mp:fp
drôle||A+z1:ms:fs
drôle||N+z1:ms
drôlement||ADV+PADV+z1
drôlement||ADV+z1
drôlerie||N+z1:fs
drôleries|drôlerie|N+z1:fp
drôles|drôle|A+z1:mp:fp
drôles|drôle|N+z1:mp
drôlesse||N+z1:fs
drôlesse|drôle|N+z1:fs
drôlesses|drôle|N+z1:fp
drôlesses|drôlesse|N+z1:fp
drôlet||A:ms
drôlets|drôlet|A:mp
drôlette|drôlet|A:fs
drôlettes|drôlet|A:fp
dromadaire||N+z1:ms
dromadaires|dromadaire|N+z1:mp
dromaiidé||N:ms
dromaiidés|dromaiidé|N:mp
drome||N:fs:ms
dromes|drome|N:fp:mp
dromiacé||N:ms
dromiacés|dromiacé|N:mp
dromicéidé||N:ms
dromicéidés|dromicéidé|N:mp
dromie||N:fs
dromies|dromie|N:fp
dromochronique||A:ms:fs
dromochroniques|dromochronique|A:mp:fp
drômois||A:ms:mp
Drômois||N:ms:mp
drômoise|drômois|A:fs
Drômoise|Drômois|N:fs
drômoises|drômois|A:fp
Drômoises|Drômois|N:fp
dromologie||N:fs
dromologies|dromologie|N:fp
dromomanie||N:fs
dromomanies|dromomanie|N:fp
dromon||N:ms
dromons|dromon|N:mp
dromophobie||N:fs
dromophobies|dromophobie|N:fp
dromos||N:ms:mp
dromotrope||A:ms:fs
dromotropes|dromotrope|A:mp:fp
dromus||N:ms:mp
drone||N:ms
drones|drone|N:mp
drongaire||N:ms
drongaires|drongaire|N:mp
drongo||N:ms
drongos|drongo|N:mp
dronte||N:ms
drontes|dronte|N:mp
drop-goals|drop-goal|N+NN:mp
drop||N+z2:ms
dropage||N:ms
dropages|dropage|N:mp
droppage||N:ms
droppages|droppage|N:mp
drops|drop|N+z2:mp
droséra||N:ms
drosera||N+z2:ms
droséracée||N:fs
droséracées|droséracée|N:fp
droséras|droséra|N:mp
droseras|drosera|N+z2:mp
drosophile||N:fs
drosophiles|drosophile|N:fp
drosophilidé||N:ms
drosophilidés|drosophilidé|N:mp
drosse||N:fs
drosses|drosse|N:fp
droujina||N:fs
droujinas|droujina|N:fp
drousseur||N:ms
drousseurs|drousseur|N:mp
dru||A+z1:ms
dru||ADV+z1
drue|dru|A+z1:fs
drues|dru|A+z1:fp
drugstore||N+z1:ms
drugstores|drugstore|N+z1:mp
druide||N+z2:ms
druides|druide|N+z2:mp
druidesse|druide|N+z2:fs
druidesses|druide|N+z2:fp
druidique||A:ms:fs
druidiques|druidique|A:mp:fp
druidisme||N:ms
druidismes|druidisme|N:mp
drum||N:ms
drument||ADV
drumlin||N:ms
drumlins|drumlin|N:mp
drummer||N:ms
drummers|drummer|N:mp
drummeuse|drummer|N:fs
drummeuses|drummer|N:fp
drums|drum|N:mp
drumstick||N:ms
drumsticks|drumstick|N:mp
drupacé||A:ms
drupacée|drupacé|A:fs
drupacées|drupacé|A:fp
drupacés|drupacé|A:mp
drupe||N:fs
drupéole||N:ms
drupéoles|drupéole|N:mp
drupes|drupe|N:fp
drus|dru|A+z1:mp
druse||A+z2:ms:fs
druse||N+z2:fs
Druse||N+z2:ms:fs
drusen||N:fp
druses||N:fp
druses|druse|A+z2:mp:fp
druses|druse|N+z2:fp
Druses|Druse|N+z2:mp:fp
drusillaire||A:ms:fs
drusillaires|drusillaire|A:mp:fp
druze||A:ms:fs
Druze||N:ms:fs
druzes|druze|A:mp:fp
Druzes|Druze|N:mp:fp
dry-farming||N+AN:ms
dry||A+z1:ms:fs:mp:fp
dry||N+z1:ms
dryade||N:fs
dryades|dryade|N:fp
dryinus||N:ms:mp
dryocoetes||N:ms:mp
dryocope||N:ms
dryocopes|dryocope|N:mp
dryophanta||N:ms
dryophantas|dryophanta|N:mp
dryophile||N:ms
dryophiles|dryophile|N:mp
dryopidé||N:ms
dryopidés|dryopidé|N:mp
dryopithèque||N:ms
dryopithèques|dryopithèque|N:mp
drypte||N:fs
dryptes|drypte|N:fp
drys|dry|N+z1:mp
du||DET+z1:ms
dû||N+z1:ms
du||PREPDET+z1:ms
dual||A:ms
duale|dual|A:fs
duales|dual|A:fp
dualisation||N:fs
dualisations|dualisation|N:fp
dualisme||N+z1:ms
dualismes|dualisme|N+z1:mp
dualiste||A+z1:ms:fs
dualiste||N+z1:ms:fs
dualistes|dualiste|A+z1:mp:fp
dualistes|dualiste|N+z1:mp:fp
dualité||N+z1:fs
dualités|dualité|N+z1:fp
duals|dual|A:mp
dubitatif||A+z1:ms
dubitatifs|dubitatif|A+z1:mp
dubitation||N+z2:fs
dubitations|dubitation|N+z2:fp
dubitative|dubitatif|A+z1:fs
dubitativement||ADV+z2
dubitatives|dubitatif|A+z1:fp
duc||N+Profession:ms
duc||N+z1:ms
ducal||A+z2:ms
ducale||N:fs
ducale|ducal|A+z2:fs
ducales|ducal|A+z2:fp
ducales|ducale|N:fp
ducasse||N:fs
ducasses|ducasse|N:fp
ducat||N+z2:ms
ducaton||N:ms
ducatons|ducaton|N:mp
ducats|ducat|N+z2:mp
ducaux|ducal|A+z2:mp
duce||N:ms
ducénaire||N:ms
ducénaires|ducénaire|N:mp
duces|dux|N:mp
duché-pairie||N+NN+Conc:ms
duché||N+z1:ms
duchés-pairies|duché-pairie|N+NN+Conc:mp
duchés|duché|N+z1:mp
duchesse||N:fs
duchesse|duc|N+Profession:fs
duchesse|duc|N+z1:fs
duchesses|duc|N+z1:fp
duchesses|duchesse|N:fp
ducroire||N:ms
ducroires|ducroire|N:mp
ducs|duc|N+Profession:mp
ducs|duc|N+z1:mp
ductance||N:fs
ductances|ductance|N:fp
ductile||A:ms:fs
ductiles|ductile|A:mp:fp
ductilité||N:fs
ductilités|ductilité|N:fp
ductilomètre||N:ms
ductilomètres|ductilomètre|N:mp
duction||N:fs
ductions|duction|N:fp
ductodépendant||A:ms
ductodépendante|ductodépendant|A:fs
ductodépendantes|ductodépendant|A:fp
ductodépendants|ductodépendant|A:mp
dudgeon||N:ms
dudgeonnage||N:ms
dudgeonnages|dudgeonnage|N:mp
dudgeonneur||N:ms
dudgeonneurs|dudgeonneur|N:mp
dudgeonneuse|dudgeonneur|N:fs
dudgeonneuses|dudgeonneur|N:fp
dudgeons|dudgeon|N:mp
dudit||PREPADJ+z2:ms
duègne||N+z2:fs
duègnes|duègne|N+z2:fp
duel||N+z1:ms
duelliste||N+z1:ms:fs
duellistes|duelliste|N+z1:mp:fp
duels|duel|N+z1:mp
duettino||N:ms
duettinos|duettino|N:mp
duettiste||N+z1:ms:fs
duettistes|duettiste|N+z1:mp:fp
duetto||N:ms
duettos|duetto|N:mp
duffle-coat||N+XN+Conc+z1:ms
duffle||XI+z1
dufrénite||N:fs
dufrénites|dufrénite|N:fp
dufrénoysite||N:fs
dufrénoysites|dufrénoysite|N:fp
duftite||N:fs
duftites|duftite|N:fp
dugazon||N:fs
dugazons|dugazon|N:fp
dugon||N:ms
dugong||N:ms
dugongidé||N:ms
dugongidés|dugongidé|N:mp
dugongs|dugong|N:mp
dugons|dugon|N:mp
duhamélien||A:ms
duhamélien||N:ms
duhamélienne|duhamélien|A:fs
duhamélienne|duhamélien|N:fs
duhaméliennes|duhamélien|A:fp
duhaméliennes|duhamélien|N:fp
duhaméliens|duhamélien|A:mp
duhaméliens|duhamélien|N:mp
duit||N:ms
duitage||N:ms
duitages|duitage|N:mp
duite||N:fs
duites|duite|N:fp
duits|duit|N:mp
dulçaquicole||A:ms:fs
dulçaquicoles|dulçaquicole|A:mp:fp
dulcicole||A:ms:fs
dulcicoles|dulcicole|A:mp:fp
dulcifiant||A+z2:ms
dulcifiant||N+z2:ms
dulcifiante|dulcifiant|A+z2:fs
dulcifiantes|dulcifiant|A+z2:fp
dulcifiants|dulcifiant|A+z2:mp
dulcifiants|dulcifiant|N+z2:mp
dulcification||N:fs
dulcifications|dulcification|N:fp
dulcinée||N+z1:fs
dulcinées|dulcinée|N+z1:fp
dulcite||N:fs
dulcites|dulcite|N:fp
dulcitol||N:ms
dulcitols|dulcitol|N:mp
dulie||N:fs
dulies|dulie|N:fp
dum-dum||N+XX+Conc+z2:fs:fp
dûment||ADV+PADV+z1
dûment||ADV+z1
dumontite||N:fs
dumontites|dumontite|N:fp
dumortiérite||N:fs
dumortiérites|dumortiérite|N:fp
dump||N:ms
dumpeur||N:ms
dumpeurs|dumpeur|N:mp
dumping||N+z2:ms
dumpings|dumping|N+z2:mp
dumps|dump|N:mp
dunaire||A:ms:fs
dunaires|dunaire|A:mp:fp
dunaliella||N:fs
dunaliellas|dunaliella|N:fp
dundasite||N:fs
dundasites|dundasite|N:fp
dundee||N:ms
dundees|dundee|N:mp
dune||N+z1:fs
dunes|dune|N+z1:fp
dunette||N+z2:fs
dunettes|dunette|N+z2:fp
dunite||N:fs
dunites|dunite|N:fp
dunkerquois||A:ms:mp
Dunkerquois||N:ms:mp
dunkerquoise|dunkerquois|A:fs
Dunkerquoise|Dunkerquois|N:fs
dunkerquoises|dunkerquois|A:fp
Dunkerquoises|Dunkerquois|N:fp
dunois||A:ms:mp
Dunois||N:ms:mp
dunoise|dunois|A:fs
Dunoise|Dunois|N:fs
dunoises|dunois|A:fp
Dunoises|Dunois|N:fp
duo||N+z1:ms
duodécennal||A:ms
duodécennale|duodécennal|A:fs
duodécennales|duodécennal|A:fp
duodécennaux|duodécennal|A:mp
duodécimal||A+z2:ms
duodécimale|duodécimal|A+z2:fs
duodécimales|duodécimal|A+z2:fp
duodécimaux|duodécimal|A+z2:mp
duodénal||A+z2:ms
duodénale|duodénal|A+z2:fs
duodénales|duodénal|A+z2:fp
duodénaux|duodénal|A+z2:mp
duodénectomie||N:fs
duodénectomies|duodénectomie|N:fp
duodénite||N:fs
duodénites|duodénite|N:fp
duodéno||PFX
duodénopancréatectomie||N:fs
duodénopancréatectomies|duodénopancréatectomie|N:fp
duodénoplastie||N:fs
duodénoplasties|duodénoplastie|N:fp
duodénoscope||N:ms
duodénoscopes|duodénoscope|N:mp
duodénoscopie||N:fs
duodénoscopies|duodénoscopie|N:fp
duodénostomie||N:fs
duodénostomies|duodénostomie|N:fp
duodénotomie||N:fs
duodénotomies|duodénotomie|N:fp
duodénum||N+z2:ms
duodénums|duodénum|N+z2:mp
duodi||N:ms
duodiode||N:fs
duodiodes|duodiode|N:fp
duodis|duodi|N:mp
duolet||N:ms
duolets|duolet|N:mp
duolocal||A:ms
duolocale|duolocal|A:fs
duolocales|duolocal|A:fp
duolocaux|duolocal|A:mp
duomite||N:ms
duomites|duomite|N:mp
duopole||N:ms
duopoles|duopole|N:mp
duos|duo|N+z1:mp
dupe||A+z1:ms:fs
dupe||N+z1:fs
duperie||N+z1:fs
duperies|duperie|N+z1:fp
dupes|dupe|A+z1:mp:fp
dupes|dupe|N+z1:fp
dupeur||N+z2:ms
dupeurs|dupeur|N+z2:mp
dupeuse|dupeur|N+z2:fs
dupeuses|dupeur|N+z2:fp
duplex||A+z1:ms:fs:mp:fp
duplex||N+z1:ms:mp
duplexage||N:ms
duplexages|duplexage|N:mp
duplexeur||N:ms
duplexeurs|duplexeur|N:mp
duplicata||N+z1:ms:mp
duplicateur||N:ms
duplicateurs|duplicateur|N:mp
duplicatif||A:ms
duplicatifs|duplicatif|A:mp
duplication||N+z2:fs
duplications|duplication|N+z2:fp
duplicative|duplicatif|A:fs
duplicatives|duplicatif|A:fp
duplicature||N:fs
duplicatures|duplicature|N:fp
duplice||A:ms:fs
duplices|duplice|A:mp:fp
duplicidenté||N:ms
duplicidentés|duplicidenté|N:mp
duplicité||N+z1:fs
duplicités|duplicité|N+z1:fp
duplique||N:fs
dupliques|duplique|N:fp
Dupont||N+Conc+Boisson+Bière+z1:fs
duquel||PREPPRO+z1:ms
dur||A+z1:ms
dur||ADV+PADV+z1
dur||ADV+z1
dur||N+z1:ms
durabilité||N+z2:fs
durabilités|durabilité|N+z2:fp
durable||A+z1:ms:fs
durablement||ADV+VADV+z1
durablement||ADV+z1
durables|durable|A+z1:mp:fp
duraille||A+z2:ms:fs
durailles|duraille|A+z2:mp:fp
durain||N:ms
durains|durain|N:mp
dural||A:ms
durale|dural|A:fs
durales|dural|A:fp
duralumin||N:ms
duralumins|duralumin|N:mp
duramen||N:ms
duramens|duramen|N:mp
duraminisation||N:fs
duraminisations|duraminisation|N:fp
durangite||N:fs
durangites|durangite|N:fp
durant||PREP+Prépconjs+5
durant||PREP+z1
duratif||A+z2:ms
duratif||N+z2:ms
duratifs|duratif|A+z2:mp
duratifs|duratif|N+z2:mp
durative|duratif|A+z2:fs
duratives|duratif|A+z2:fp
duraux|dural|A:mp
durbec||N:ms
durbecs|durbec|N:mp
durcissable||A+z2:ms:fs
durcissables|durcissable|A+z2:mp:fp
durcissant||A+z2:ms
durcissante|durcissant|A+z2:fs
durcissantes|durcissant|A+z2:fp
durcissants|durcissant|A+z2:mp
durcissement||N+z1:ms
durcissements|durcissement|N+z1:mp
durcisseur||A+z2:ms
durcisseur||N+z2:ms
durcisseurs|durcisseur|A+z2:mp
durcisseurs|durcisseur|N+z2:mp
durcisseuse|durcisseur|A+z2:fs
durcisseuses|durcisseur|A+z2:fp
dure-mère||N+AN+Conc:fs
dure||N:fs
dure|dur|A+z1:fs
dure|dur|N+z1:fs
durée||N+z1:fs
durées|durée|N+z1:fp
durement||ADV+VADV+z1
durement||ADV+z1
durène||N:ms
durènes|durène|N:mp
dures-mères|dure-mère|N+AN+Conc:fp
dures|dur|A+z1:fp
dures|dur|N+z1:fp
dures|dure|N:fp
dureté||N+z1:fs
duretés|dureté|N+z1:fp
durham||A:ms:fs:mp:fp
durham||N:ms
durhams|durham|N:mp
durillon||N+z2:ms
durillons|durillon|N+z2:mp
durion||N:ms
durions|durion|N:mp
durit||N:fs
durite||N+z2:fs
durites|durite|N+z2:fp
durits|durit|N:fp
duroc||N:ms
durocs|duroc|N:mp
duromètre||N:ms
duromètres|duromètre|N:mp
durs|dur|A+z1:mp
durs|dur|N+z1:mp
dûs|dû|N+z1:mp
duse||N:fs:ms
duses|duse|N:fp:mp
dussertite||N:fs
dussertites|dussertite|N:fp
dussumiéridé||N:ms
dussumiéridés|dussumiéridé|N:mp
duumvir||N:ms
duumviral||A:ms
duumvirale|duumviral|A:fs
duumvirales|duumviral|A:fp
duumvirat||N:ms
duumvirats|duumvirat|N:mp
duumviraux|duumviral|A:mp
duumvirs|duumvir|N:mp
duvet||N+z1:ms
duvetage||N:ms
duvetages|duvetage|N:mp
duveté||A+z1:ms
duvetée|duveté|A+z1:fs
duvetées|duveté|A+z1:fp
duvetés|duveté|A+z1:mp
duveteuse|duveteux|A+z1:fs
duveteuses|duveteux|A+z1:fp
duveteux||A+z1:ms:mp
duvetine||N:fs
duvetines|duvetine|N:fp
duvets|duvet|N+z1:mp
dux||N:ms
duxelles||N:fs:fp
Dvorak||N+Conc+Boisson+Vodka+z1:fs:fp
dyade||N:fs
dyades|dyade|N:fp
dyadique||A:ms:fs
dyadiques|dyadique|A:mp:fp
dyal||N:ms
dyals|dyal|N:mp
dyarchie||N:fs
dyarchies|dyarchie|N:fp
dyarque||N:ms
dyarques|dyarque|N:mp
dyke||N:ms
dykes|dyke|N:mp
dymasus||N:ms:mp
dynamètre||N:ms
dynamètres|dynamètre|N:mp
dynamicien||N:ms
dynamicienne|dynamicien|N:fs
dynamiciennes|dynamicien|N:fp
dynamiciens|dynamicien|N:mp
dynamique||A+z1:ms:fs
dynamique||N+z1:fs
dynamiquement||ADV+z1
dynamiques|dynamique|A+z1:mp:fp
dynamiques|dynamique|N+z1:fp
dynamisant||A+z1:ms
dynamisante|dynamisant|A+z1:fs
dynamisantes|dynamisant|A+z1:fp
dynamisants|dynamisant|A+z1:mp
dynamisation||N:fs
dynamisations|dynamisation|N:fp
dynamisme||N+z1:ms
dynamismes|dynamisme|N+z1:mp
dynamiste||A:ms:fs
dynamiste||N:ms:fs
dynamistes|dynamiste|A:mp:fp
dynamistes|dynamiste|N:mp:fp
dynamitage||N+z2:ms
dynamitages|dynamitage|N+z2:mp
dynamité||A:ms
dynamite||N+z1:fs
dynamitée|dynamité|A:fs
dynamitées|dynamité|A:fp
dynamiterie||N:fs
dynamiteries|dynamiterie|N:fp
dynamités|dynamité|A:mp
dynamites|dynamite|N+z1:fp
dynamiteur||N:ms
dynamiteurs|dynamiteur|N:mp
dynamiteuse|dynamiteur|N:fs
dynamiteuses|dynamiteur|N:fp
dynamitier||N:ms
dynamitière||N:fs
dynamitière|dynamitier|N:fs
dynamitières|dynamitier|N:fp
dynamitières|dynamitière|N:fp
dynamitiers|dynamitier|N:mp
dynamo||N+z2:fs
dynamo||PFX+z2
dynamoélectrique||A:ms:fs
dynamoélectriques|dynamoélectrique|A:mp:fp
dynamogène||A:ms:fs
dynamogènes|dynamogène|A:mp:fp
dynamogénie||N:fs
dynamogénies|dynamogénie|N:fp
dynamogénique||A:ms:fs
dynamogéniquement||ADV
dynamogéniques|dynamogénique|A:mp:fp
dynamographe||N:ms
dynamographes|dynamographe|N:mp
dynamologie||N:fs
dynamologies|dynamologie|N:fp
dynamométamorphisme||N:ms
dynamométamorphismes|dynamométamorphisme|N:mp
dynamomètre||N:ms
dynamomètres|dynamomètre|N:mp
dynamométrie||N:fs
dynamométries|dynamométrie|N:fp
dynamométrique||A:ms:fs
dynamométriques|dynamométrique|A:mp:fp
dynamophare||N:ms
dynamophares|dynamophare|N:mp
dynamos-démarreur|dynamo-démarreur|N+NN+Conc:fp
dynamos|dynamo|N+z2:fp
dynamoteur||N:ms
dynamoteurs|dynamoteur|N:mp
dynaste||N:ms
dynastes|dynaste|N:mp
dynastie||N+z1:fs
dynasties|dynastie|N+z1:fp
dynastique||A+z2:ms:fs
dynastiques|dynastique|A+z2:mp:fp
dynatron||N:ms
dynatrons|dynatron|N:mp
dyne||N:fs
dynes|dyne|N:fp
dynode||N:fs
dynodes|dynode|N:fp
dynorphine||N:fs
dynorphines|dynorphine|N:fp
dynstat||N:ms
dynstats|dynstat|N:mp
dyostyle||N:ms
dyostyles|dyostyle|N:mp
dyphtongie||N:fs
dyphtongies|dyphtongie|N:fp
dyrosaure||N:ms
dyrosaures|dyrosaure|N:mp
dys||PFX
dysacousie||N:fs
dysacousies|dysacousie|N:fp
dysacromélie||N:fs
dysacromélies|dysacromélie|N:fp
dysallélognathie||N:fs
dysallélognathies|dysallélognathie|N:fp
dysankie||N:fs
dysankies|dysankie|N:fp
dysantigraphie||N:fs
dysantigraphies|dysantigraphie|N:fp
dysaraxie||N:fs
dysaraxies|dysaraxie|N:fp
dysarthrie||N:fs
dysarthries|dysarthrie|N:fp
dysarthrose||N:fs
dysarthroses|dysarthrose|N:fp
dysautonomie||N:fs
dysautonomies|dysautonomie|N:fp
dysbarisme||N:ms
dysbarismes|dysbarisme|N:mp
dysbasie||N:fs
dysbasies|dysbasie|N:fp
dysbêtalipoprotéinémie||N:fs
dysbêtalipoprotéinémies|dysbêtalipoprotéinémie|N:fp
dysboulie||N:fs
dysboulies|dysboulie|N:fp
dyscalcémie||N:fs
dyscalcémies|dyscalcémie|N:fp
dyscalcie||N:fs
dyscalcies|dyscalcie|N:fp
dyscalculie||N:fs
dyscalculies|dyscalculie|N:fp
dyscalculique||A:ms:fs
dyscalculiques|dyscalculique|A:mp:fp
dyscataménie||N:fs
dyscataménies|dyscataménie|N:fp
dyscataposie||N:fs
dyscataposies|dyscataposie|N:fp
dyscéphalie||N:fs
dyscéphalies|dyscéphalie|N:fp
dyscéphalique||A:ms:fs
dyscéphaliques|dyscéphalique|A:mp:fp
dyscéphalo||PFX
dyschésie||N:fs
dyschésies|dyschésie|N:fp
dyschézie||N:fs
dyschézies|dyschézie|N:fp
dyschirius||N:ms:mp
dyschondroplasie||N:fs
dyschondroplasies|dyschondroplasie|N:fp
dyschondrostéose||N:fs
dyschondrostéoses|dyschondrostéose|N:fp
dyschromatopsie||N:fs
dyschromatopsies|dyschromatopsie|N:fp
dyschromatopsique||A:ms:fs
dyschromatopsiques|dyschromatopsique|A:mp:fp
dyschromie||N:fs
dyschromies|dyschromie|N:fp
dyschronométrie||N:fs
dyschronométries|dyschronométrie|N:fp
dyscinésie||N:fs
dyscinésies|dyscinésie|N:fp
dyscorticisme||N:ms
dyscorticismes|dyscorticisme|N:mp
dyscranio||PFX
dyscrase||N:fs
dyscrases|dyscrase|N:fp
dyscrasie||N:fs
dyscrasies|dyscrasie|N:fp
dyscrasique||A:ms:fs
dyscrasiques|dyscrasique|A:mp:fp
dyscrasite||N:fs
dyscrasites|dyscrasite|N:fp
dysdercus||N:ms:mp
dysdéridé||N:ms
dysdéridés|dysdéridé|N:mp
dysderina||N:fs
dysderinas|dysderina|N:fp
dysdipsie||N:fs
dysdipsies|dysdipsie|N:fp
dysectasie||N:fs
dysectasies|dysectasie|N:fp
dysélastose||N:fs
dysélastoses|dysélastose|N:fp
dysembryome||N:ms
dysembryomes|dysembryome|N:mp
dysembryoplasie||N:fs
dysembryoplasies|dysembryoplasie|N:fp
dysembryoplasique||A:ms:fs
dysembryoplasiques|dysembryoplasique|A:mp:fp
dysembryoplasmome||N:ms
dysembryoplasmomes|dysembryoplasmome|N:mp
dysencéphalie||N:fs
dysencéphalies|dysencéphalie|N:fp
dysendocrinie||N:fs
dysendocrinien||A:ms
dysendocrinienne|dysendocrinien|A:fs
dysendocriniennes|dysendocrinien|A:fp
dysendocriniens|dysendocrinien|A:mp
dysendocrinies|dysendocrinie|N:fp
dysenterie||N+z1:fs
dysenteries|dysenterie|N+z1:fp
dysentériforme||A:ms:fs
dysentériformes|dysentériforme|A:mp:fp
dysentérique||A:ms:fs
dysentériques|dysentérique|A:mp:fp
dysergie||N:fs
dysergies|dysergie|N:fp
dysérythropoïèse||N:fs
dysérythropoïèses|dysérythropoïèse|N:fp
dysérythropoïétique||A:ms:fs
dysérythropoïétiques|dysérythropoïétique|A:mp:fp
dysesthésie||N:fs
dysesthésies|dysesthésie|N:fp
dysfibrinogène||N:ms
dysfibrinogénémie||N:fs
dysfibrinogénémies|dysfibrinogénémie|N:fp
dysfibrinogènes|dysfibrinogène|N:mp
dysfonction||N+z2:fs
dysfonctionnement||N+z1:ms
dysfonctionnements|dysfonctionnement|N+z1:mp
dysfonctions|dysfonction|N+z2:fp
dysfribinogène||N:ms
dysfribinogénémie||N:fs
dysfribinogénémies|dysfribinogénémie|N:fp
dysfribinogènes|dysfribinogène|N:mp
dysgammaglobulinémie||N:fs
dysgammaglobulinémies|dysgammaglobulinémie|N:fp
dysgénésie||N:fs
dysgénésies|dysgénésie|N:fp
dysgénésique||A:ms:fs
dysgénésiques|dysgénésique|A:mp:fp
dysgénique||A:ms:fs
dysgéniques|dysgénique|A:mp:fp
dysgerminome||N:ms
dysgerminomes|dysgerminome|N:mp
dysglobulinémie||N:fs
dysglobulinémies|dysglobulinémie|N:fp
dysgnosie||N:fs
dysgnosies|dysgnosie|N:fp
dysgonosomie||N:fs
dysgonosomies|dysgonosomie|N:fp
dysgraphie||N:fs
dysgraphies|dysgraphie|N:fp
dysgraphique||A:ms:fs
dysgraphiques|dysgraphique|A:mp:fp
dysgravidie||N:fs
dysgravidies|dysgravidie|N:fp
dysgravidique||A:ms:fs
dysgravidiques|dysgravidique|A:mp:fp
dysgueusie||N:fs
dysgueusies|dysgueusie|N:fp
dysharmonie||N+z2:fs
dysharmonies|dysharmonie|N+z2:fp
dysharmonieuse|dysharmonieux|A:fs
dysharmonieuses|dysharmonieux|A:fp
dysharmonieux||A:ms:mp
dysharmonique||A:ms:fs
dysharmoniquement||ADV
dysharmoniques|dysharmonique|A:mp:fp
dyshématopoïèse||N:fs
dyshématopoïèses|dyshématopoïèse|N:fp
dyshématose||N:fs
dyshématoses|dyshématose|N:fp
dyshémoglobinose||N:fs
dyshémoglobinoses|dyshémoglobinose|N:fp
dyshémopoïèse||N:fs
dyshémopoïèses|dyshémopoïèse|N:fp
dyshépatie||N:fs
dyshépaties|dyshépatie|N:fp
dyshépatome||N:ms
dyshépatomes|dyshépatome|N:mp
dyshidrose||N:fs
dyshidroses|dyshidrose|N:fp
dyshormonogenèse||N:fs
dyshormonogenèses|dyshormonogenèse|N:fp
dysidrose||N:fs
dysidroses|dysidrose|N:fp
dysidrosique||A:ms:fs
dysidrosiques|dysidrosique|A:mp:fp
dysimmunitaire||A:ms:fs
dysimmunitaires|dysimmunitaire|A:mp:fp
dysimmunité||N:fs
dysimmunités|dysimmunité|N:fp
dysimmunopathie||N:fs
dysimmunopathies|dysimmunopathie|N:fp
dysinsulinisme||N:ms
dysinsulinismes|dysinsulinisme|N:mp
dyskaliémie||N:fs
dyskaliémies|dyskaliémie|N:fp
dyskératose||N:fs
dyskératoses|dyskératose|N:fp
dyskératosique||A:ms:fs
dyskératosiques|dyskératosique|A:mp:fp
dyskinésie||N:fs
dyskinésies|dyskinésie|N:fp
dyskinétique||A:ms:fs
dyskinétiques|dyskinétique|A:mp:fp
dyslalie||N:fs
dyslalies|dyslalie|N:fp
dysleptique||A:ms:fs
dysleptique||N:ms
dysleptiques|dysleptique|A:mp:fp
dysleptiques|dysleptique|N:mp
dyslexie||N+z1:fs
dyslexies|dyslexie|N+z1:fp
dyslexique||A+z1:ms:fs
dyslexique||N+z1:ms:fs
dyslexiques|dyslexique|A+z1:mp:fp
dyslexiques|dyslexique|N+z1:mp:fp
dyslipémie||N:fs
dyslipémies|dyslipémie|N:fp
dyslipémique||A:ms:fs
dyslipémiques|dyslipémique|A:mp:fp
dyslipidémie||N:fs
dyslipidémies|dyslipidémie|N:fp
dyslipidose||N:fs
dyslipidoses|dyslipidose|N:fp
dyslipoïdose||N:fs
dyslipoïdoses|dyslipoïdose|N:fp
dyslipoprotéinémie||N:fs
dyslipoprotéinémies|dyslipoprotéinémie|N:fp
dyslogie||N:fs
dyslogies|dyslogie|N:fp
dysmature||A:ms:fs
dysmatures|dysmature|A:mp:fp
dysmégalopsie||N:fs
dysmégalopsies|dysmégalopsie|N:fp
dysmélie||N:fs
dysmélies|dysmélie|N:fp
dysmélique||A:ms:fs
dysméliques|dysmélique|A:mp:fp
dysménorrhée||N+z2:fs
dysménorrhées|dysménorrhée|N+z2:fp
dysménorrhéique||A:ms:fs
dysménorrhéiques|dysménorrhéique|A:mp:fp
dysmétabolie||N:fs
dysmétabolies|dysmétabolie|N:fp
dysmétabolique||A:ms:fs
dysmétaboliques|dysmétabolique|A:mp:fp
dysmétabolisme||N:ms
dysmétabolismes|dysmétabolisme|N:mp
dysmétrie||N:fs
dysmétries|dysmétrie|N:fp
dysmétrique||A:ms:fs
dysmétriques|dysmétrique|A:mp:fp
dysmétropsie||N:fs
dysmétropsies|dysmétropsie|N:fp
dysmicrobisme||N:ms
dysmicrobismes|dysmicrobisme|N:mp
dysmimie||N:fs
dysmimies|dysmimie|N:fp
dysmnésie||N:fs
dysmnésies|dysmnésie|N:fp
dysmolimnie||N:fs
dysmolimnies|dysmolimnie|N:fp
dysmorphie||N:fs
dysmorphies|dysmorphie|N:fp
dysmorphique||A:ms:fs
dysmorphiques|dysmorphique|A:mp:fp
dysmorphogenèse||N:fs
dysmorphogenèses|dysmorphogenèse|N:fp
dysmorphophobie||N:fs
dysmorphophobies|dysmorphophobie|N:fp
dysmorphose||N:fs
dysmorphoses|dysmorphose|N:fp
dysmyélopoïèse||N:fs
dysmyélopoïèses|dysmyélopoïèse|N:fp
dysocclusion||N:fs
dysocclusions|dysocclusion|N:fp
dysodie||N:fs
dysodies|dysodie|N:fp
dysontogenèse||N:fs
dysontogenèses|dysontogenèse|N:fp
dysontogénétique||A:ms:fs
dysontogénétiques|dysontogénétique|A:mp:fp
dysorchidie||N:fs
dysorchidies|dysorchidie|N:fp
dysorexie||N:fs
dysorexies|dysorexie|N:fp
dysorique||A:ms:fs
dysoriques|dysorique|A:mp:fp
dysorthographie||N:fs
dysorthographies|dysorthographie|N:fp
dysorthographique||A:ms:fs
dysorthographiques|dysorthographique|A:mp:fp
dysosmie||N:fs
dysosmies|dysosmie|N:fp
dysostose||N:fs
dysostoses|dysostose|N:fp
dysostosis||N:fs:fp
dysovarie||N:fs
dysovaries|dysovarie|N:fp
dysovulation||N:fs
dysovulations|dysovulation|N:fp
dyspareunie||N:fs
dyspareunies|dyspareunie|N:fp
dyspepsie||N:fs
dyspepsies|dyspepsie|N:fp
dyspepsique||A:ms:fs
dyspepsique||N:ms:fs
dyspepsiques|dyspepsique|A:mp:fp
dyspepsiques|dyspepsique|N:mp:fp
dyspeptique||A:ms:fs
dyspeptique||N:ms:fs
dyspeptiques|dyspeptique|A:mp:fp
dyspeptiques|dyspeptique|N:mp:fp
dyspéristaltisme||N:ms
dyspéristaltismes|dyspéristaltisme|N:mp
dysphagia||N:fs
dysphagias|dysphagia|N:fp
dysphagie||N:fs
dysphagies|dysphagie|N:fp
dysphasie||N:fs
dysphasies|dysphasie|N:fp
dysphémie||N:fs
dysphémies|dysphémie|N:fp
dysphonie||N:fs
dysphonies|dysphonie|N:fp
dysphorie||N:fs
dysphories|dysphorie|N:fp
dysphorique||A:ms:fs
dysphoriques|dysphorique|A:mp:fp
dysphrasie||N:fs
dysphrasies|dysphrasie|N:fp
dysphrénie||N:fs
dysphrénies|dysphrénie|N:fp
dyspituitarisme||N:ms
dyspituitarismes|dyspituitarisme|N:mp
dysplasia||N:fs
dysplasias|dysplasia|N:fp
dysplasie||N:fs
dysplasies|dysplasie|N:fp
dysplasique||A:ms:fs
dysplasiques|dysplasique|A:mp:fp
dysplasminogénémie||N:fs
dysplasminogénémies|dysplasminogénémie|N:fp
dysplastique||A:ms:fs
dysplastiques|dysplastique|A:mp:fp
dyspnée||N:fs
dyspnées|dyspnée|N:fp
dyspnéique||A:ms:fs
dyspnéiques|dyspnéique|A:mp:fp
dyspnéisant||A:ms
dyspnéisante|dyspnéisant|A:fs
dyspnéisantes|dyspnéisant|A:fp
dyspnéisants|dyspnéisant|A:mp
dyspneumie||N:fs
dyspneumies|dyspneumie|N:fp
dysporie||N:fs
dyspories|dysporie|N:fp
dyspraxie||N:fs
dyspraxies|dyspraxie|N:fp
dysprosium||N:ms
dysprosodie||N:fs
dysprosodies|dysprosodie|N:fp
dysprosodique||A:ms:fs
dysprosodiques|dysprosodique|A:mp:fp
dysprotéinémie||N:fs
dysprotéinémies|dysprotéinémie|N:fp
dysprotéinorachie||N:fs
dysprotéinorachies|dysprotéinorachie|N:fp
dysprotéinose||N:fs
dysprotéinoses|dysprotéinose|N:fp
dysprothrombie||N:fs
dysprothrombies|dysprothrombie|N:fp
dysprothrombinémie||N:fs
dysprothrombinémies|dysprothrombinémie|N:fp
dysprotidémie||N:fs
dysprotidémies|dysprotidémie|N:fp
dyspubérisme||N:ms
dyspubérismes|dyspubérisme|N:mp
dyspurinie||N:fs
dyspurinies|dyspurinie|N:fp
dyspyridoxinose||N:fs
dyspyridoxinoses|dyspyridoxinose|N:fp
dysraphie||N:fs
dysraphies|dysraphie|N:fp
dysréflexie||N:fs
dysréflexies|dysréflexie|N:fp
dysrythmie||N:fs
dysrythmies|dysrythmie|N:fp
dyssocial||A:ms
dyssociale|dyssocial|A:fs
dyssociales|dyssocial|A:fp
dyssocialité||N:fs
dyssocialités|dyssocialité|N:fp
dyssociaux|dyssocial|A:mp
dyssomnie||N:fs
dyssomnies|dyssomnie|N:fp
dysspermatisme||N:ms
dysspermatismes|dysspermatisme|N:mp
dyssynergie||N:fs
dyssynergies|dyssynergie|N:fp
dyssyntaxie||N:fs
dyssyntaxies|dyssyntaxie|N:fp
dyssystolie||N:fs
dyssystolies|dyssystolie|N:fp
dystasie||N:fs
dystasies|dystasie|N:fp
dysthanasie||N:fs
dysthanasies|dysthanasie|N:fp
dysthymie||N:fs
dysthymies|dysthymie|N:fp
dysthymique||A:ms:fs
dysthymiques|dysthymique|A:mp:fp
dysthyroïdie||N:fs
dysthyroïdies|dysthyroïdie|N:fp
dysthyroïdisme||N:ms
dysthyroïdismes|dysthyroïdisme|N:mp
dystocie||N:fs
dystocies|dystocie|N:fp
dystocique||A:ms:fs
dystociques|dystocique|A:mp:fp
dystomie||N:fs
dystomies|dystomie|N:fp
dystonie||N:fs
dystonies|dystonie|N:fp
dystopie||N:fs
dystopies|dystopie|N:fp
dystrophiant||A:ms
dystrophiante|dystrophiant|A:fs
dystrophiantes|dystrophiant|A:fp
dystrophiants|dystrophiant|A:mp
dystrophie||N:fs
dystrophies|dystrophie|N:fp
dystrophique||A:ms:fs
dystrophiques|dystrophique|A:mp:fp
dysurie||N:fs
dysuries|dysurie|N:fp
dysurique||A:ms:fs
dysurique||N:ms:fs
dysuriques|dysurique|A:mp:fp
dysuriques|dysurique|N:mp:fp
dytique||N:ms
dytiques|dytique|N:mp
dytiscidé||N:ms
dytiscidés|dytiscidé|N:mp
dzêta||N:ms:mp
dzong||N:ms
dzongs|dzong|N:mp
